mint_number,background,flower,coin,grave
1,white,ceramicwhite,diamond,marble_maximalism
2,white,ceramicwhite,ceramicwhite,chromeblack_finance
3,black,marble,ceramicwhite,bronze_finance
4,white,silver,ceramicwhite,chromeblack_inflation
5,white,chromeblack,diamond,diamond_maximalism
6,grey,gold,chromeblack,ceramicwhite_finance
7,grey,marble,chromeblack,silver_wallstreet
8,white,chromeblack,ceramicwhite,marble_maximalism
9,white,ceramicwhite,bronze,ceramicwhite_finance
10,black,silver,acrylicdrips,ceramicwhite_nasdaq
11,white,ceramicwhite,ceramicwhite,acrylicdrips_oligarchy
12,white,diamond,bronze,silver_wallstreet
13,grey,bronze,chromeblack,diamond_web2
14,black,marble,marble,gold_finance
15,grey,gold,gold,diamond_inflation
16,white,chromeblack,bronze,gold_bankingsystem
17,grey,silver,marble,bronze_finance
18,white,bronze,ceramicwhite,diamond_finance
19,white,diamond,bronze,bronze_finance
20,grey,gold,diamond,chromeblack_finance
21,white,bronze,diamond,marble_finance
22,grey,chromeblack,marble,acrylicdrips_maximalism
23,white,bronze,gold,marble_control
24,grey,acrylicdrips,acrylicdrips,diamond_inflation
25,white,acrylicdrips,marble,chromeblack_oligarchy
26,grey,ceramicwhite,acrylicdrips,acrylicdrips_nasdaq
27,black,diamond,bronze,gold_wallstreet
28,black,acrylicdrips,chromeblack,silver_oligarchy
29,black,bronze,silver,ceramicwhite_wallstreet
30,grey,diamond,ceramicwhite,gold_oligarchy
31,white,chromeblack,ceramicwhite,marble_maximalism
32,black,silver,gold,diamond_control
33,white,bronze,bronze,acrylicdrips_inflation
34,grey,chromeblack,chromeblack,bronze_maximalism
35,white,marble,ceramicwhite,ceramicwhite_oligarchy
36,black,bronze,gold,bronze_inflation
37,black,chromeblack,ceramicwhite,chromeblack_web2
38,white,silver,bronze,gold_oligarchy
39,grey,acrylicdrips,chromeblack,chromeblack_maximalism
40,grey,bronze,chromeblack,chromeblack_nasdaq
41,white,diamond,ceramicwhite,acrylicdrips_control
42,white,chromeblack,diamond,chromeblack_maximalism
43,black,gold,diamond,gold_bankingsystem
44,grey,acrylicdrips,chromeblack,ceramicwhite_inflation
45,white,gold,diamond,silver_wallstreet
46,white,bronze,bronze,ceramicwhite_inflation
47,black,marble,bronze,marble_nasdaq
48,white,marble,diamond,marble_inflation
49,black,gold,marble,acrylicdrips_wallstreet
50,grey,chromeblack,chromeblack,silver_inflation
51,white,silver,chromeblack,ceramicwhite_maximalism
52,white,acrylicdrips,silver,marble_oligarchy
53,white,ceramicwhite,silver,gold_maximalism
54,white,ceramicwhite,ceramicwhite,diamond_control
55,white,ceramicwhite,bronze,chromeblack_nasdaq
56,white,marble,marble,diamond_maximalism
57,white,diamond,marble,marble_oligarchy
58,white,diamond,chromeblack,marble_oligarchy
59,white,gold,acrylicdrips,ceramicwhite_finance
60,white,marble,acrylicdrips,gold_oligarchy
61,white,chromeblack,chromeblack,marble_finance
62,grey,chromeblack,ceramicwhite,marble_wallstreet
63,white,diamond,chromeblack,bronze_inflation
64,black,ceramicwhite,marble,diamond_inflation
65,white,acrylicdrips,bronze,gold_control
66,grey,chromeblack,marble,ceramicwhite_finance
67,black,bronze,silver,silver_wallstreet
68,black,acrylicdrips,chromeblack,marble_bankingsystem
69,black,chromeblack,chromeblack,marble_finance
70,grey,diamond,ceramicwhite,chromeblack_inflation
71,black,gold,acrylicdrips,diamond_inflation
72,grey,chromeblack,chromeblack,diamond_maximalism
73,black,gold,ceramicwhite,marble_wallstreet
74,white,marble,ceramicwhite,ceramicwhite_wallstreet
75,black,ceramicwhite,diamond,ceramicwhite_inflation
76,white,silver,gold,gold_inflation
77,grey,silver,silver,marble_inflation
78,white,gold,bronze,bronze_finance
79,grey,diamond,silver,ceramicwhite_maximalism
80,white,diamond,marble,acrylicdrips_inflation
81,grey,chromeblack,chromeblack,bronze_oligarchy
82,black,silver,chromeblack,silver_maximalism
83,grey,diamond,bronze,marble_nasdaq
84,white,bronze,acrylicdrips,diamond_finance
85,grey,bronze,chromeblack,ceramicwhite_wallstreet
86,white,bronze,silver,acrylicdrips_nasdaq
87,white,gold,ceramicwhite,diamond_maximalism
88,white,marble,chromeblack,ceramicwhite_nasdaq
89,grey,gold,bronze,marble_finance
90,white,chromeblack,marble,ceramicwhite_inflation
91,grey,chromeblack,diamond,diamond_nasdaq
92,black,silver,marble,silver_inflation
93,white,marble,marble,bronze_inflation
94,black,ceramicwhite,silver,marble_finance
95,white,marble,bronze,diamond_inflation
96,white,marble,bronze,marble_oligarchy
97,white,silver,bronze,ceramicwhite_nasdaq
98,grey,gold,acrylicdrips,chromeblack_wallstreet
99,white,ceramicwhite,acrylicdrips,marble_nasdaq
100,black,bronze,ceramicwhite,silver_finance
101,white,bronze,diamond,marble_web2
102,black,ceramicwhite,marble,marble_oligarchy
103,white,bronze,ceramicwhite,ceramicwhite_oligarchy
104,grey,acrylicdrips,bronze,diamond_bankingsystem
105,white,silver,diamond,silver_wallstreet
106,white,silver,acrylicdrips,chromeblack_web2
107,black,acrylicdrips,acrylicdrips,marble_finance
108,white,chromeblack,chromeblack,ceramicwhite_oligarchy
109,black,gold,ceramicwhite,bronze_control
110,grey,ceramicwhite,acrylicdrips,diamond_inflation
111,grey,ceramicwhite,ceramicwhite,ceramicwhite_inflation
112,grey,ceramicwhite,ceramicwhite,silver_finance
113,grey,acrylicdrips,marble,bronze_oligarchy
114,grey,bronze,bronze,chromeblack_inflation
115,grey,marble,ceramicwhite,bronze_inflation
116,black,chromeblack,bronze,marble_maximalism
117,white,bronze,acrylicdrips,silver_wallstreet
118,white,ceramicwhite,silver,ceramicwhite_inflation
119,white,chromeblack,diamond,silver_web2
120,grey,diamond,acrylicdrips,bronze_maximalism
121,grey,ceramicwhite,marble,marble_maximalism
122,black,marble,chromeblack,marble_nasdaq
123,grey,bronze,bronze,bronze_finance
124,grey,ceramicwhite,ceramicwhite,bronze_finance
125,white,chromeblack,acrylicdrips,ceramicwhite_inflation
126,white,diamond,ceramicwhite,gold_finance
127,white,gold,diamond,marble_maximalism
128,white,silver,gold,silver_maximalism
129,black,ceramicwhite,acrylicdrips,diamond_nasdaq
130,black,gold,gold,diamond_maximalism
131,grey,marble,marble,marble_oligarchy
132,black,diamond,bronze,silver_web2
133,black,silver,chromeblack,bronze_oligarchy
134,white,bronze,gold,bronze_nasdaq
135,black,chromeblack,chromeblack,silver_oligarchy
136,white,marble,silver,gold_inflation
137,grey,gold,ceramicwhite,gold_control
138,grey,ceramicwhite,bronze,diamond_maximalism
139,grey,acrylicdrips,acrylicdrips,ceramicwhite_finance
140,grey,marble,acrylicdrips,marble_maximalism
141,black,ceramicwhite,diamond,diamond_wallstreet
142,white,chromeblack,acrylicdrips,diamond_oligarchy
143,white,silver,gold,ceramicwhite_oligarchy
144,white,acrylicdrips,marble,gold_maximalism
145,grey,marble,silver,chromeblack_maximalism
146,grey,bronze,acrylicdrips,acrylicdrips_wallstreet
147,white,acrylicdrips,diamond,ceramicwhite_wallstreet
148,grey,marble,diamond,gold_oligarchy
149,grey,bronze,ceramicwhite,marble_maximalism
150,white,ceramicwhite,bronze,gold_finance
151,white,chromeblack,silver,silver_inflation
152,white,marble,silver,diamond_oligarchy
153,grey,ceramicwhite,acrylicdrips,bronze_oligarchy
154,white,gold,silver,bronze_bankingsystem
155,black,diamond,ceramicwhite,marble_inflation
156,grey,bronze,silver,diamond_inflation
157,white,acrylicdrips,marble,diamond_inflation
158,white,chromeblack,ceramicwhite,chromeblack_inflation
159,white,diamond,bronze,diamond_wallstreet
160,black,ceramicwhite,gold,diamond_maximalism
161,white,bronze,ceramicwhite,marble_maximalism
162,black,bronze,ceramicwhite,diamond_maximalism
163,black,ceramicwhite,bronze,diamond_inflation
164,grey,chromeblack,chromeblack,marble_maximalism
165,white,chromeblack,silver,gold_inflation
166,grey,silver,ceramicwhite,ceramicwhite_nasdaq
167,white,chromeblack,ceramicwhite,acrylicdrips_oligarchy
168,white,chromeblack,ceramicwhite,chromeblack_finance
169,white,chromeblack,bronze,gold_nasdaq
170,white,ceramicwhite,marble,marble_control
171,black,silver,bronze,bronze_finance
172,grey,marble,bronze,silver_maximalism
173,black,diamond,gold,marble_wallstreet
174,white,silver,ceramicwhite,acrylicdrips_inflation
175,white,ceramicwhite,gold,marble_maximalism
176,white,diamond,bronze,acrylicdrips_web2
177,grey,acrylicdrips,ceramicwhite,diamond_oligarchy
178,white,bronze,diamond,marble_oligarchy
179,white,bronze,ceramicwhite,acrylicdrips_oligarchy
180,black,silver,acrylicdrips,acrylicdrips_inflation
181,white,gold,bronze,chromeblack_oligarchy
182,white,ceramicwhite,diamond,ceramicwhite_oligarchy
183,black,gold,chromeblack,chromeblack_inflation
184,white,marble,ceramicwhite,ceramicwhite_web2
185,grey,marble,ceramicwhite,bronze_control
186,grey,ceramicwhite,chromeblack,marble_nasdaq
187,black,marble,gold,ceramicwhite_oligarchy
188,black,chromeblack,bronze,marble_finance
189,white,diamond,acrylicdrips,marble_finance
190,black,ceramicwhite,diamond,ceramicwhite_web2
191,grey,chromeblack,diamond,ceramicwhite_inflation
192,black,diamond,marble,ceramicwhite_finance
193,grey,bronze,marble,chromeblack_maximalism
194,white,gold,acrylicdrips,gold_wallstreet
195,grey,chromeblack,gold,diamond_web2
196,grey,chromeblack,silver,marble_inflation
197,grey,silver,diamond,gold_finance
198,grey,chromeblack,gold,ceramicwhite_wallstreet
199,white,silver,silver,gold_inflation
200,black,diamond,gold,silver_maximalism
201,white,acrylicdrips,acrylicdrips,ceramicwhite_maximalism
202,grey,gold,gold,bronze_wallstreet
203,grey,bronze,chromeblack,acrylicdrips_oligarchy
204,black,silver,chromeblack,ceramicwhite_maximalism
205,grey,marble,chromeblack,ceramicwhite_oligarchy
206,white,diamond,diamond,silver_bankingsystem
207,white,chromeblack,acrylicdrips,chromeblack_inflation
208,grey,chromeblack,silver,ceramicwhite_maximalism
209,white,ceramicwhite,chromeblack,chromeblack_oligarchy
210,black,gold,acrylicdrips,silver_nasdaq
211,white,silver,gold,acrylicdrips_oligarchy
212,white,silver,chromeblack,marble_web2
213,black,ceramicwhite,ceramicwhite,marble_wallstreet
214,grey,marble,marble,acrylicdrips_wallstreet
215,white,chromeblack,silver,ceramicwhite_inflation
216,grey,diamond,diamond,gold_nasdaq
217,white,ceramicwhite,gold,marble_oligarchy
218,black,gold,diamond,marble_finance
219,grey,marble,chromeblack,ceramicwhite_maximalism
220,black,diamond,diamond,diamond_maximalism
221,black,chromeblack,marble,acrylicdrips_oligarchy
222,grey,silver,chromeblack,diamond_oligarchy
223,white,gold,chromeblack,marble_inflation
224,grey,diamond,diamond,ceramicwhite_inflation
225,white,bronze,acrylicdrips,ceramicwhite_oligarchy
226,black,marble,bronze,bronze_bankingsystem
227,grey,chromeblack,ceramicwhite,diamond_finance
228,white,ceramicwhite,gold,chromeblack_maximalism
229,black,bronze,ceramicwhite,diamond_control
230,white,silver,bronze,gold_control
231,white,silver,bronze,silver_web2
232,white,bronze,chromeblack,ceramicwhite_maximalism
233,grey,acrylicdrips,marble,bronze_nasdaq
234,grey,silver,bronze,silver_inflation
235,black,gold,silver,silver_wallstreet
236,black,ceramicwhite,marble,ceramicwhite_maximalism
237,white,marble,silver,ceramicwhite_inflation
238,grey,marble,chromeblack,ceramicwhite_finance
239,grey,silver,marble,marble_oligarchy
240,black,chromeblack,marble,chromeblack_inflation
241,grey,marble,chromeblack,ceramicwhite_nasdaq
242,black,gold,bronze,ceramicwhite_finance
243,grey,gold,chromeblack,marble_wallstreet
244,grey,chromeblack,ceramicwhite,silver_nasdaq
245,white,chromeblack,chromeblack,silver_nasdaq
246,black,gold,ceramicwhite,marble_inflation
247,black,marble,bronze,bronze_finance
248,black,ceramicwhite,ceramicwhite,silver_wallstreet
249,black,chromeblack,silver,marble_inflation
250,grey,gold,marble,ceramicwhite_oligarchy
251,white,ceramicwhite,ceramicwhite,ceramicwhite_oligarchy
252,black,chromeblack,chromeblack,ceramicwhite_nasdaq
253,white,silver,acrylicdrips,diamond_finance
254,grey,chromeblack,diamond,diamond_finance
255,white,chromeblack,ceramicwhite,chromeblack_web2
256,white,silver,ceramicwhite,ceramicwhite_inflation
257,white,ceramicwhite,marble,silver_web2
258,white,ceramicwhite,silver,bronze_inflation
259,white,chromeblack,ceramicwhite,silver_inflation
260,grey,chromeblack,diamond,marble_inflation
261,white,ceramicwhite,silver,ceramicwhite_oligarchy
262,grey,ceramicwhite,ceramicwhite,ceramicwhite_nasdaq
263,grey,bronze,diamond,marble_inflation
264,white,marble,marble,ceramicwhite_inflation
265,grey,ceramicwhite,chromeblack,gold_maximalism
266,black,diamond,marble,marble_inflation
267,white,ceramicwhite,chromeblack,bronze_inflation
268,black,marble,diamond,silver_wallstreet
269,white,marble,acrylicdrips,diamond_control
270,grey,diamond,gold,bronze_inflation
271,black,chromeblack,bronze,gold_nasdaq
272,white,chromeblack,bronze,marble_maximalism
273,grey,ceramicwhite,gold,silver_oligarchy
274,white,silver,bronze,chromeblack_wallstreet
275,white,bronze,chromeblack,diamond_inflation
276,black,gold,acrylicdrips,marble_oligarchy
277,grey,bronze,gold,bronze_wallstreet
278,grey,gold,marble,chromeblack_finance
279,white,marble,diamond,ceramicwhite_oligarchy
280,white,ceramicwhite,marble,bronze_finance
281,black,silver,silver,ceramicwhite_finance
282,black,chromeblack,acrylicdrips,acrylicdrips_oligarchy
283,white,chromeblack,ceramicwhite,bronze_maximalism
284,white,marble,silver,bronze_maximalism
285,white,ceramicwhite,ceramicwhite,gold_oligarchy
286,black,bronze,ceramicwhite,marble_maximalism
287,grey,acrylicdrips,bronze,silver_inflation
288,grey,silver,gold,silver_oligarchy
289,black,silver,diamond,ceramicwhite_nasdaq
290,black,ceramicwhite,gold,ceramicwhite_wallstreet
291,grey,diamond,silver,diamond_wallstreet
292,white,gold,acrylicdrips,ceramicwhite_maximalism
293,grey,silver,chromeblack,ceramicwhite_nasdaq
294,grey,chromeblack,silver,chromeblack_inflation
295,white,marble,silver,marble_nasdaq
296,white,diamond,gold,marble_control
297,grey,marble,gold,bronze_maximalism
298,grey,bronze,silver,bronze_nasdaq
299,grey,diamond,marble,ceramicwhite_web2
300,white,diamond,silver,gold_nasdaq
301,black,marble,gold,silver_web2
302,grey,chromeblack,marble,marble_oligarchy
303,black,marble,marble,marble_oligarchy
304,black,silver,ceramicwhite,bronze_inflation
305,grey,gold,silver,diamond_inflation
306,white,acrylicdrips,bronze,diamond_maximalism
307,white,bronze,acrylicdrips,chromeblack_finance
308,black,bronze,bronze,marble_nasdaq
309,white,ceramicwhite,silver,gold_control
310,black,chromeblack,gold,bronze_finance
311,black,chromeblack,acrylicdrips,ceramicwhite_wallstreet
312,grey,marble,diamond,chromeblack_inflation
313,grey,marble,silver,acrylicdrips_oligarchy
314,grey,ceramicwhite,marble,silver_web2
315,white,ceramicwhite,diamond,silver_nasdaq
316,white,gold,chromeblack,diamond_oligarchy
317,white,ceramicwhite,bronze,chromeblack_inflation
318,black,ceramicwhite,bronze,silver_finance
319,black,gold,chromeblack,silver_inflation
320,grey,silver,marble,chromeblack_maximalism
321,white,gold,ceramicwhite,gold_inflation
322,grey,marble,silver,marble_nasdaq
323,grey,bronze,acrylicdrips,bronze_inflation
324,grey,diamond,chromeblack,ceramicwhite_nasdaq
325,white,ceramicwhite,ceramicwhite,ceramicwhite_inflation
326,grey,marble,chromeblack,acrylicdrips_maximalism
327,white,chromeblack,marble,silver_wallstreet
328,white,silver,ceramicwhite,ceramicwhite_control
329,white,ceramicwhite,gold,diamond_nasdaq
330,black,bronze,marble,acrylicdrips_bankingsystem
331,white,acrylicdrips,silver,chromeblack_finance
332,grey,silver,ceramicwhite,chromeblack_nasdaq
333,grey,gold,bronze,ceramicwhite_wallstreet
334,white,acrylicdrips,marble,bronze_finance
335,white,marble,bronze,silver_wallstreet
336,white,gold,gold,acrylicdrips_nasdaq
337,grey,silver,marble,chromeblack_finance
338,white,chromeblack,bronze,marble_nasdaq
339,black,marble,silver,silver_nasdaq
340,grey,marble,ceramicwhite,gold_wallstreet
341,black,marble,silver,acrylicdrips_oligarchy
342,white,marble,gold,marble_nasdaq
343,grey,diamond,bronze,ceramicwhite_oligarchy
344,grey,marble,silver,diamond_inflation
345,black,silver,bronze,gold_finance
346,white,bronze,ceramicwhite,gold_wallstreet
347,white,chromeblack,diamond,chromeblack_oligarchy
348,black,marble,acrylicdrips,bronze_maximalism
349,white,diamond,bronze,silver_wallstreet
350,black,acrylicdrips,bronze,gold_web2
351,grey,acrylicdrips,silver,bronze_nasdaq
352,grey,chromeblack,acrylicdrips,bronze_control
353,grey,acrylicdrips,bronze,ceramicwhite_finance
354,white,ceramicwhite,bronze,silver_wallstreet
355,white,silver,marble,chromeblack_maximalism
356,grey,acrylicdrips,bronze,marble_control
357,white,bronze,gold,ceramicwhite_nasdaq
358,black,chromeblack,acrylicdrips,marble_oligarchy
359,grey,gold,silver,chromeblack_finance
360,grey,marble,gold,ceramicwhite_maximalism
361,white,acrylicdrips,chromeblack,acrylicdrips_finance
362,grey,diamond,acrylicdrips,marble_oligarchy
363,black,chromeblack,marble,gold_web2
364,grey,chromeblack,bronze,bronze_wallstreet
365,black,silver,marble,bronze_oligarchy
366,white,acrylicdrips,acrylicdrips,bronze_maximalism
367,grey,acrylicdrips,acrylicdrips,acrylicdrips_inflation
368,white,chromeblack,chromeblack,acrylicdrips_finance
369,black,chromeblack,silver,gold_finance
370,grey,marble,ceramicwhite,chromeblack_finance
371,black,chromeblack,silver,diamond_nasdaq
372,white,gold,bronze,diamond_inflation
373,grey,acrylicdrips,ceramicwhite,marble_oligarchy
374,grey,ceramicwhite,diamond,silver_inflation
375,grey,ceramicwhite,gold,bronze_wallstreet
376,white,chromeblack,chromeblack,chromeblack_oligarchy
377,white,bronze,silver,chromeblack_inflation
378,grey,ceramicwhite,bronze,gold_nasdaq
379,white,bronze,acrylicdrips,gold_control
380,black,silver,chromeblack,marble_finance
381,grey,gold,gold,silver_finance
382,grey,acrylicdrips,bronze,chromeblack_inflation
383,grey,chromeblack,ceramicwhite,gold_maximalism
384,white,silver,diamond,ceramicwhite_maximalism
385,grey,acrylicdrips,bronze,acrylicdrips_web2
386,black,bronze,diamond,ceramicwhite_finance
387,grey,bronze,diamond,marble_maximalism
388,black,bronze,bronze,bronze_finance
389,black,ceramicwhite,bronze,silver_nasdaq
390,white,chromeblack,gold,silver_nasdaq
391,grey,marble,acrylicdrips,gold_inflation
392,black,marble,silver,diamond_maximalism
393,white,ceramicwhite,gold,acrylicdrips_web2
394,white,gold,bronze,marble_oligarchy
395,white,marble,ceramicwhite,bronze_maximalism
396,white,ceramicwhite,diamond,diamond_bankingsystem
397,grey,ceramicwhite,marble,bronze_finance
398,white,silver,ceramicwhite,chromeblack_oligarchy
399,grey,ceramicwhite,bronze,ceramicwhite_inflation
400,white,ceramicwhite,ceramicwhite,silver_oligarchy
401,grey,chromeblack,acrylicdrips,chromeblack_finance
402,grey,chromeblack,diamond,acrylicdrips_maximalism
403,grey,diamond,bronze,gold_maximalism
404,grey,silver,bronze,chromeblack_wallstreet
405,grey,acrylicdrips,chromeblack,gold_finance
406,white,bronze,diamond,ceramicwhite_finance
407,white,ceramicwhite,ceramicwhite,bronze_finance
408,white,chromeblack,silver,silver_finance
409,black,bronze,acrylicdrips,ceramicwhite_wallstreet
410,white,acrylicdrips,acrylicdrips,bronze_web2
411,grey,ceramicwhite,ceramicwhite,ceramicwhite_oligarchy
412,grey,gold,marble,chromeblack_bankingsystem
413,grey,ceramicwhite,silver,bronze_inflation
414,grey,bronze,chromeblack,bronze_maximalism
415,white,silver,acrylicdrips,marble_inflation
416,grey,bronze,bronze,ceramicwhite_oligarchy
417,grey,gold,chromeblack,acrylicdrips_control
418,grey,marble,chromeblack,gold_web2
419,white,ceramicwhite,gold,ceramicwhite_web2
420,white,bronze,marble,chromeblack_oligarchy
421,white,ceramicwhite,gold,marble_oligarchy
422,white,ceramicwhite,diamond,acrylicdrips_oligarchy
423,black,diamond,diamond,chromeblack_maximalism
424,white,marble,acrylicdrips,bronze_web2
425,grey,chromeblack,chromeblack,silver_inflation
426,white,chromeblack,chromeblack,silver_inflation
427,black,ceramicwhite,silver,diamond_wallstreet
428,white,acrylicdrips,chromeblack,ceramicwhite_oligarchy
429,white,marble,ceramicwhite,marble_finance
430,black,marble,ceramicwhite,bronze_maximalism
431,white,gold,chromeblack,chromeblack_wallstreet
432,black,bronze,acrylicdrips,silver_finance
433,grey,chromeblack,ceramicwhite,ceramicwhite_wallstreet
434,white,marble,chromeblack,silver_wallstreet
435,grey,gold,bronze,ceramicwhite_wallstreet
436,white,bronze,marble,chromeblack_wallstreet
437,white,silver,gold,ceramicwhite_maximalism
438,grey,silver,silver,bronze_inflation
439,white,diamond,marble,bronze_inflation
440,black,acrylicdrips,chromeblack,chromeblack_maximalism
441,black,gold,diamond,chromeblack_maximalism
442,grey,diamond,ceramicwhite,acrylicdrips_wallstreet
443,white,silver,diamond,acrylicdrips_inflation
444,grey,silver,ceramicwhite,bronze_inflation
445,grey,gold,diamond,diamond_inflation
446,black,chromeblack,acrylicdrips,ceramicwhite_wallstreet
447,white,silver,bronze,marble_maximalism
448,black,silver,chromeblack,diamond_wallstreet
449,white,silver,chromeblack,chromeblack_maximalism
450,white,ceramicwhite,bronze,silver_inflation
451,white,diamond,bronze,marble_wallstreet
452,black,diamond,marble,chromeblack_web2
453,black,ceramicwhite,ceramicwhite,diamond_web2
454,black,marble,ceramicwhite,bronze_wallstreet
455,grey,chromeblack,silver,ceramicwhite_finance
456,grey,ceramicwhite,ceramicwhite,acrylicdrips_maximalism
457,white,silver,marble,diamond_wallstreet
458,black,gold,silver,marble_nasdaq
459,grey,bronze,chromeblack,diamond_nasdaq
460,black,ceramicwhite,marble,bronze_web2
461,white,gold,marble,gold_maximalism
462,black,ceramicwhite,gold,silver_nasdaq
463,grey,silver,chromeblack,acrylicdrips_nasdaq
464,white,marble,marble,acrylicdrips_maximalism
465,black,acrylicdrips,marble,marble_finance
466,black,chromeblack,chromeblack,bronze_finance
467,white,marble,acrylicdrips,marble_maximalism
468,white,gold,chromeblack,gold_finance
469,white,acrylicdrips,chromeblack,marble_maximalism
470,grey,chromeblack,silver,ceramicwhite_nasdaq
471,grey,gold,diamond,gold_inflation
472,black,diamond,gold,acrylicdrips_control
473,black,marble,acrylicdrips,diamond_inflation
474,grey,chromeblack,bronze,diamond_nasdaq
475,white,acrylicdrips,bronze,gold_maximalism
476,white,ceramicwhite,diamond,ceramicwhite_oligarchy
477,grey,marble,silver,marble_bankingsystem
478,grey,bronze,chromeblack,silver_finance
479,black,gold,bronze,diamond_inflation
480,black,ceramicwhite,silver,bronze_wallstreet
481,grey,bronze,marble,diamond_nasdaq
482,grey,marble,silver,ceramicwhite_oligarchy
483,grey,chromeblack,chromeblack,diamond_maximalism
484,grey,marble,chromeblack,bronze_oligarchy
485,white,marble,chromeblack,marble_maximalism
486,white,ceramicwhite,ceramicwhite,gold_inflation
487,white,ceramicwhite,marble,marble_finance
488,black,chromeblack,acrylicdrips,chromeblack_wallstreet
489,white,chromeblack,ceramicwhite,diamond_inflation
490,black,silver,bronze,marble_finance
491,grey,chromeblack,diamond,silver_finance
492,white,chromeblack,chromeblack,ceramicwhite_web2
493,white,gold,silver,diamond_finance
494,black,gold,ceramicwhite,silver_maximalism
495,black,chromeblack,diamond,gold_oligarchy
496,white,bronze,bronze,acrylicdrips_nasdaq
497,grey,marble,bronze,gold_bankingsystem
498,grey,diamond,ceramicwhite,gold_bankingsystem
499,white,ceramicwhite,gold,marble_maximalism
500,grey,acrylicdrips,bronze,gold_nasdaq
501,white,chromeblack,silver,ceramicwhite_wallstreet
502,white,ceramicwhite,bronze,ceramicwhite_maximalism
503,white,diamond,bronze,chromeblack_oligarchy
504,grey,marble,acrylicdrips,ceramicwhite_inflation
505,white,ceramicwhite,marble,marble_wallstreet
506,white,bronze,marble,silver_web2
507,white,marble,gold,diamond_nasdaq
508,grey,acrylicdrips,ceramicwhite,diamond_control
509,grey,bronze,acrylicdrips,gold_oligarchy
510,grey,chromeblack,diamond,bronze_web2
511,grey,acrylicdrips,chromeblack,silver_inflation
512,grey,acrylicdrips,ceramicwhite,bronze_wallstreet
513,white,marble,ceramicwhite,bronze_web2
514,grey,diamond,bronze,ceramicwhite_inflation
515,grey,gold,diamond,chromeblack_control
516,grey,ceramicwhite,chromeblack,marble_maximalism
517,grey,ceramicwhite,ceramicwhite,marble_wallstreet
518,black,marble,marble,gold_finance
519,grey,chromeblack,bronze,chromeblack_finance
520,black,bronze,bronze,marble_wallstreet
521,white,acrylicdrips,chromeblack,chromeblack_oligarchy
522,white,bronze,acrylicdrips,gold_inflation
523,white,acrylicdrips,gold,chromeblack_oligarchy
524,black,ceramicwhite,diamond,silver_maximalism
525,black,silver,ceramicwhite,ceramicwhite_inflation
526,white,acrylicdrips,marble,chromeblack_inflation
527,grey,gold,ceramicwhite,silver_oligarchy
528,black,bronze,ceramicwhite,bronze_maximalism
529,white,bronze,diamond,diamond_inflation
530,grey,silver,acrylicdrips,ceramicwhite_maximalism
531,black,acrylicdrips,marble,bronze_maximalism
532,black,silver,ceramicwhite,marble_oligarchy
533,black,marble,gold,ceramicwhite_inflation
534,white,bronze,chromeblack,acrylicdrips_control
535,grey,bronze,silver,silver_wallstreet
536,grey,gold,diamond,diamond_oligarchy
537,grey,marble,bronze,silver_finance
538,grey,gold,marble,chromeblack_oligarchy
539,white,chromeblack,chromeblack,ceramicwhite_bankingsystem
540,white,marble,acrylicdrips,chromeblack_maximalism
541,black,marble,diamond,marble_wallstreet
542,black,bronze,acrylicdrips,chromeblack_inflation
543,white,bronze,marble,silver_finance
544,black,chromeblack,bronze,bronze_bankingsystem
545,grey,silver,diamond,chromeblack_web2
546,white,marble,chromeblack,bronze_nasdaq
547,grey,ceramicwhite,gold,acrylicdrips_maximalism
548,white,ceramicwhite,silver,acrylicdrips_inflation
549,white,silver,silver,silver_oligarchy
550,black,gold,silver,ceramicwhite_inflation
551,white,silver,diamond,diamond_wallstreet
552,black,marble,marble,silver_wallstreet
553,white,silver,ceramicwhite,chromeblack_oligarchy
554,white,chromeblack,diamond,bronze_control
555,white,gold,silver,bronze_nasdaq
556,grey,bronze,marble,marble_inflation
557,black,ceramicwhite,silver,silver_oligarchy
558,grey,marble,silver,chromeblack_maximalism
559,white,ceramicwhite,ceramicwhite,marble_inflation
560,white,ceramicwhite,acrylicdrips,marble_inflation
561,black,chromeblack,ceramicwhite,chromeblack_wallstreet
562,black,silver,acrylicdrips,chromeblack_oligarchy
563,white,acrylicdrips,silver,bronze_oligarchy
564,white,marble,acrylicdrips,chromeblack_inflation
565,black,chromeblack,bronze,silver_web2
566,white,diamond,ceramicwhite,chromeblack_bankingsystem
567,black,chromeblack,diamond,silver_finance
568,black,silver,silver,chromeblack_web2
569,white,ceramicwhite,gold,chromeblack_web2
570,grey,acrylicdrips,gold,ceramicwhite_control
571,white,marble,acrylicdrips,acrylicdrips_oligarchy
572,white,marble,ceramicwhite,acrylicdrips_wallstreet
573,grey,diamond,gold,marble_oligarchy
574,white,gold,acrylicdrips,acrylicdrips_maximalism
575,white,diamond,silver,chromeblack_wallstreet
576,white,acrylicdrips,bronze,ceramicwhite_inflation
577,white,acrylicdrips,diamond,marble_nasdaq
578,grey,marble,diamond,gold_web2
579,white,gold,diamond,ceramicwhite_inflation
580,grey,silver,acrylicdrips,chromeblack_nasdaq
581,white,gold,gold,chromeblack_oligarchy
582,black,ceramicwhite,ceramicwhite,chromeblack_maximalism
583,grey,chromeblack,bronze,ceramicwhite_inflation
584,black,ceramicwhite,chromeblack,chromeblack_wallstreet
585,black,ceramicwhite,bronze,chromeblack_nasdaq
586,black,marble,acrylicdrips,diamond_maximalism
587,white,diamond,chromeblack,acrylicdrips_wallstreet
588,grey,bronze,silver,bronze_maximalism
589,grey,marble,acrylicdrips,marble_finance
590,black,ceramicwhite,diamond,ceramicwhite_control
591,black,ceramicwhite,chromeblack,marble_nasdaq
592,black,bronze,bronze,bronze_wallstreet
593,white,chromeblack,diamond,diamond_wallstreet
594,black,ceramicwhite,gold,chromeblack_nasdaq
595,black,acrylicdrips,ceramicwhite,silver_wallstreet
596,black,marble,chromeblack,marble_inflation
597,grey,ceramicwhite,chromeblack,bronze_maximalism
598,white,gold,ceramicwhite,gold_maximalism
599,grey,diamond,silver,diamond_wallstreet
600,white,bronze,ceramicwhite,gold_oligarchy
601,black,gold,acrylicdrips,bronze_wallstreet
602,black,gold,marble,marble_nasdaq
603,grey,silver,diamond,bronze_finance
604,white,chromeblack,ceramicwhite,bronze_control
605,grey,marble,silver,ceramicwhite_bankingsystem
606,white,bronze,chromeblack,ceramicwhite_finance
607,black,gold,marble,ceramicwhite_wallstreet
608,grey,acrylicdrips,chromeblack,gold_inflation
609,white,chromeblack,gold,acrylicdrips_maximalism
610,black,bronze,diamond,gold_maximalism
611,white,marble,marble,ceramicwhite_oligarchy
612,black,acrylicdrips,chromeblack,acrylicdrips_wallstreet
613,grey,acrylicdrips,silver,gold_inflation
614,white,diamond,diamond,chromeblack_inflation
615,black,diamond,marble,diamond_wallstreet
616,black,ceramicwhite,acrylicdrips,chromeblack_inflation
617,white,chromeblack,marble,gold_inflation
618,grey,chromeblack,diamond,marble_nasdaq
619,black,diamond,bronze,silver_maximalism
620,black,bronze,marble,ceramicwhite_bankingsystem
621,black,diamond,ceramicwhite,silver_wallstreet
622,black,marble,silver,ceramicwhite_finance
623,white,acrylicdrips,gold,gold_inflation
624,grey,ceramicwhite,marble,silver_maximalism
625,grey,ceramicwhite,silver,gold_wallstreet
626,black,marble,ceramicwhite,bronze_oligarchy
627,white,gold,marble,diamond_wallstreet
628,white,ceramicwhite,marble,marble_nasdaq
629,white,acrylicdrips,chromeblack,bronze_maximalism
630,black,ceramicwhite,gold,marble_maximalism
631,black,diamond,diamond,bronze_oligarchy
632,white,marble,acrylicdrips,gold_finance
633,white,bronze,marble,marble_maximalism
634,white,diamond,silver,ceramicwhite_maximalism
635,white,bronze,ceramicwhite,bronze_oligarchy
636,white,gold,acrylicdrips,bronze_oligarchy
637,grey,marble,silver,silver_nasdaq
638,white,bronze,bronze,gold_control
639,black,chromeblack,chromeblack,ceramicwhite_nasdaq
640,grey,silver,ceramicwhite,silver_nasdaq
641,white,bronze,marble,chromeblack_oligarchy
642,white,diamond,silver,bronze_nasdaq
643,white,gold,bronze,diamond_inflation
644,black,ceramicwhite,ceramicwhite,gold_maximalism
645,grey,silver,gold,diamond_maximalism
646,grey,acrylicdrips,ceramicwhite,silver_nasdaq
647,white,bronze,chromeblack,silver_web2
648,white,chromeblack,chromeblack,bronze_maximalism
649,white,bronze,diamond,chromeblack_oligarchy
650,white,acrylicdrips,acrylicdrips,diamond_wallstreet
651,grey,chromeblack,marble,silver_inflation
652,white,marble,marble,gold_bankingsystem
653,white,ceramicwhite,diamond,chromeblack_inflation
654,white,marble,silver,gold_finance
655,white,ceramicwhite,chromeblack,bronze_finance
656,white,bronze,chromeblack,marble_inflation
657,white,chromeblack,marble,diamond_maximalism
658,black,acrylicdrips,silver,gold_oligarchy
659,grey,chromeblack,ceramicwhite,diamond_inflation
660,grey,marble,ceramicwhite,chromeblack_inflation
661,white,ceramicwhite,chromeblack,bronze_oligarchy
662,grey,ceramicwhite,chromeblack,chromeblack_maximalism
663,black,ceramicwhite,silver,diamond_bankingsystem
664,grey,chromeblack,acrylicdrips,gold_inflation
665,white,gold,gold,bronze_web2
666,white,diamond,marble,acrylicdrips_wallstreet
667,grey,marble,chromeblack,gold_inflation
668,black,chromeblack,silver,bronze_wallstreet
669,grey,gold,diamond,ceramicwhite_inflation
670,grey,ceramicwhite,chromeblack,ceramicwhite_inflation
671,black,diamond,ceramicwhite,ceramicwhite_inflation
672,white,chromeblack,marble,ceramicwhite_oligarchy
673,grey,gold,chromeblack,ceramicwhite_nasdaq
674,white,chromeblack,silver,silver_web2
675,grey,chromeblack,acrylicdrips,acrylicdrips_inflation
676,white,ceramicwhite,ceramicwhite,gold_finance
677,white,chromeblack,bronze,bronze_oligarchy
678,white,chromeblack,silver,ceramicwhite_nasdaq
679,grey,gold,chromeblack,chromeblack_finance
680,grey,gold,chromeblack,ceramicwhite_inflation
681,white,ceramicwhite,bronze,chromeblack_oligarchy
682,black,bronze,bronze,chromeblack_web2
683,grey,ceramicwhite,ceramicwhite,gold_maximalism
684,grey,bronze,marble,silver_finance
685,white,diamond,diamond,marble_inflation
686,white,diamond,marble,gold_wallstreet
687,grey,marble,bronze,marble_bankingsystem
688,white,chromeblack,ceramicwhite,acrylicdrips_finance
689,grey,bronze,bronze,acrylicdrips_maximalism
690,black,bronze,ceramicwhite,acrylicdrips_oligarchy
691,grey,ceramicwhite,ceramicwhite,chromeblack_oligarchy
692,grey,chromeblack,ceramicwhite,diamond_finance
693,black,ceramicwhite,silver,chromeblack_oligarchy
694,black,silver,chromeblack,bronze_inflation
695,grey,chromeblack,ceramicwhite,marble_wallstreet
696,black,ceramicwhite,diamond,acrylicdrips_control
697,white,gold,diamond,gold_control
698,black,ceramicwhite,diamond,chromeblack_inflation
699,black,diamond,bronze,acrylicdrips_nasdaq
700,white,gold,acrylicdrips,bronze_oligarchy
701,grey,silver,diamond,ceramicwhite_wallstreet
702,white,bronze,silver,silver_wallstreet
703,white,silver,diamond,silver_web2
704,white,acrylicdrips,acrylicdrips,ceramicwhite_inflation
705,grey,ceramicwhite,bronze,bronze_finance
706,white,marble,acrylicdrips,chromeblack_finance
707,white,ceramicwhite,chromeblack,ceramicwhite_inflation
708,black,ceramicwhite,diamond,marble_inflation
709,black,marble,diamond,acrylicdrips_web2
710,grey,marble,silver,silver_finance
711,white,acrylicdrips,bronze,chromeblack_wallstreet
712,white,diamond,bronze,acrylicdrips_web2
713,white,silver,silver,acrylicdrips_inflation
714,grey,gold,ceramicwhite,bronze_web2
715,grey,bronze,ceramicwhite,marble_inflation
716,black,bronze,gold,ceramicwhite_wallstreet
717,white,chromeblack,bronze,ceramicwhite_inflation
718,white,silver,marble,acrylicdrips_web2
719,grey,diamond,silver,marble_inflation
720,black,chromeblack,diamond,diamond_finance
721,white,silver,ceramicwhite,silver_maximalism
722,grey,gold,silver,ceramicwhite_oligarchy
723,white,silver,marble,gold_nasdaq
724,black,chromeblack,diamond,ceramicwhite_web2
725,white,silver,diamond,chromeblack_control
726,white,acrylicdrips,chromeblack,silver_nasdaq
727,white,marble,diamond,marble_inflation
728,grey,acrylicdrips,diamond,acrylicdrips_nasdaq
729,white,acrylicdrips,chromeblack,chromeblack_control
730,black,bronze,chromeblack,diamond_finance
731,white,marble,ceramicwhite,ceramicwhite_wallstreet
732,black,bronze,ceramicwhite,chromeblack_finance
733,white,acrylicdrips,diamond,bronze_oligarchy
734,white,diamond,ceramicwhite,silver_finance
735,grey,gold,bronze,diamond_finance
736,white,diamond,ceramicwhite,gold_bankingsystem
737,white,ceramicwhite,bronze,gold_oligarchy
738,grey,diamond,chromeblack,silver_wallstreet
739,white,bronze,bronze,diamond_inflation
740,black,marble,silver,diamond_wallstreet
741,black,marble,silver,silver_finance
742,white,marble,marble,acrylicdrips_maximalism
743,grey,marble,acrylicdrips,gold_inflation
744,white,gold,bronze,ceramicwhite_inflation
745,black,chromeblack,chromeblack,chromeblack_control
746,white,acrylicdrips,chromeblack,ceramicwhite_finance
747,white,diamond,ceramicwhite,bronze_inflation
748,white,gold,acrylicdrips,acrylicdrips_inflation
749,white,bronze,marble,ceramicwhite_oligarchy
750,grey,gold,diamond,bronze_inflation
751,white,gold,ceramicwhite,chromeblack_control
752,white,diamond,ceramicwhite,diamond_oligarchy
753,white,acrylicdrips,chromeblack,gold_nasdaq
754,white,gold,gold,chromeblack_nasdaq
755,black,marble,silver,chromeblack_maximalism
756,black,marble,silver,chromeblack_maximalism
757,white,gold,marble,silver_bankingsystem
758,white,bronze,ceramicwhite,marble_maximalism
759,white,chromeblack,silver,diamond_inflation
760,white,chromeblack,chromeblack,silver_control
761,grey,ceramicwhite,silver,chromeblack_wallstreet
762,white,chromeblack,marble,gold_finance
763,grey,diamond,ceramicwhite,bronze_nasdaq
764,grey,ceramicwhite,silver,chromeblack_web2
765,black,marble,ceramicwhite,bronze_wallstreet
766,grey,bronze,bronze,diamond_inflation
767,grey,ceramicwhite,chromeblack,diamond_wallstreet
768,white,acrylicdrips,diamond,gold_maximalism
769,grey,ceramicwhite,ceramicwhite,ceramicwhite_nasdaq
770,grey,bronze,chromeblack,acrylicdrips_finance
771,white,marble,acrylicdrips,chromeblack_inflation
772,white,chromeblack,bronze,chromeblack_wallstreet
773,black,chromeblack,ceramicwhite,acrylicdrips_wallstreet
774,grey,marble,chromeblack,bronze_nasdaq
775,black,ceramicwhite,chromeblack,gold_oligarchy
776,black,bronze,ceramicwhite,chromeblack_inflation
777,white,chromeblack,bronze,ceramicwhite_maximalism
778,white,ceramicwhite,acrylicdrips,chromeblack_maximalism
779,white,gold,diamond,diamond_wallstreet
780,black,ceramicwhite,ceramicwhite,marble_wallstreet
781,grey,chromeblack,bronze,ceramicwhite_inflation
782,black,ceramicwhite,diamond,diamond_inflation
783,black,acrylicdrips,diamond,silver_web2
784,white,bronze,ceramicwhite,bronze_nasdaq
785,grey,gold,gold,bronze_nasdaq
786,white,ceramicwhite,diamond,bronze_web2
787,black,silver,silver,ceramicwhite_control
788,black,marble,silver,ceramicwhite_finance
789,white,diamond,chromeblack,ceramicwhite_inflation
790,grey,silver,silver,silver_finance
791,grey,diamond,gold,chromeblack_bankingsystem
792,grey,marble,bronze,ceramicwhite_inflation
793,white,bronze,marble,bronze_wallstreet
794,white,chromeblack,bronze,diamond_inflation
795,black,bronze,ceramicwhite,chromeblack_control
796,grey,ceramicwhite,ceramicwhite,ceramicwhite_maximalism
797,black,chromeblack,gold,chromeblack_maximalism
798,black,marble,bronze,diamond_maximalism
799,white,marble,marble,silver_nasdaq
800,white,chromeblack,silver,gold_inflation
801,grey,chromeblack,bronze,chromeblack_finance
802,white,diamond,ceramicwhite,acrylicdrips_wallstreet
803,white,silver,acrylicdrips,gold_control
804,grey,chromeblack,bronze,bronze_maximalism
805,black,ceramicwhite,gold,silver_nasdaq
806,grey,diamond,ceramicwhite,bronze_finance
807,grey,bronze,diamond,ceramicwhite_oligarchy
808,grey,chromeblack,marble,diamond_oligarchy
809,black,gold,ceramicwhite,gold_control
810,black,ceramicwhite,acrylicdrips,marble_oligarchy
811,white,chromeblack,marble,chromeblack_finance
812,white,marble,diamond,acrylicdrips_oligarchy
813,white,ceramicwhite,ceramicwhite,acrylicdrips_wallstreet
814,grey,ceramicwhite,ceramicwhite,gold_finance
815,grey,bronze,silver,chromeblack_bankingsystem
816,black,gold,ceramicwhite,chromeblack_oligarchy
817,white,chromeblack,diamond,marble_wallstreet
818,white,silver,diamond,ceramicwhite_maximalism
819,white,bronze,chromeblack,chromeblack_web2
820,black,silver,marble,marble_inflation
821,black,chromeblack,silver,gold_inflation
822,black,bronze,gold,silver_oligarchy
823,white,diamond,bronze,gold_oligarchy
824,grey,acrylicdrips,chromeblack,diamond_finance
825,white,ceramicwhite,acrylicdrips,marble_oligarchy
826,grey,diamond,bronze,bronze_maximalism
827,white,bronze,marble,ceramicwhite_finance
828,grey,marble,chromeblack,diamond_wallstreet
829,white,chromeblack,marble,chromeblack_oligarchy
830,white,chromeblack,silver,chromeblack_inflation
831,white,marble,chromeblack,acrylicdrips_web2
832,grey,bronze,marble,ceramicwhite_oligarchy
833,white,ceramicwhite,ceramicwhite,diamond_nasdaq
834,grey,chromeblack,acrylicdrips,ceramicwhite_inflation
835,white,ceramicwhite,ceramicwhite,diamond_nasdaq
836,grey,diamond,gold,bronze_wallstreet
837,black,gold,marble,silver_nasdaq
838,grey,ceramicwhite,silver,chromeblack_nasdaq
839,grey,diamond,chromeblack,ceramicwhite_maximalism
840,grey,acrylicdrips,chromeblack,ceramicwhite_inflation
841,white,diamond,gold,marble_inflation
842,grey,marble,acrylicdrips,silver_web2
843,grey,silver,marble,diamond_web2
844,white,ceramicwhite,silver,silver_oligarchy
845,grey,silver,diamond,gold_inflation
846,black,chromeblack,gold,diamond_maximalism
847,white,silver,diamond,silver_wallstreet
848,white,silver,diamond,gold_web2
849,black,chromeblack,silver,acrylicdrips_wallstreet
850,black,ceramicwhite,silver,chromeblack_nasdaq
851,white,silver,bronze,gold_web2
852,grey,ceramicwhite,bronze,gold_nasdaq
853,black,marble,silver,marble_maximalism
854,black,chromeblack,chromeblack,bronze_control
855,black,bronze,chromeblack,bronze_wallstreet
856,grey,marble,acrylicdrips,bronze_maximalism
857,black,marble,diamond,ceramicwhite_inflation
858,white,silver,bronze,chromeblack_nasdaq
859,black,chromeblack,chromeblack,silver_maximalism
860,black,chromeblack,ceramicwhite,gold_finance
861,white,gold,marble,chromeblack_finance
862,grey,ceramicwhite,diamond,chromeblack_maximalism
863,black,diamond,acrylicdrips,diamond_finance
864,grey,silver,acrylicdrips,gold_inflation
865,white,ceramicwhite,silver,diamond_finance
866,black,acrylicdrips,ceramicwhite,silver_wallstreet
867,white,silver,ceramicwhite,diamond_finance
868,grey,chromeblack,marble,silver_inflation
869,black,bronze,chromeblack,chromeblack_web2
870,grey,ceramicwhite,diamond,chromeblack_inflation
871,white,silver,diamond,gold_oligarchy
872,white,ceramicwhite,acrylicdrips,chromeblack_control
873,grey,chromeblack,diamond,acrylicdrips_inflation
874,black,marble,ceramicwhite,marble_nasdaq
875,white,bronze,bronze,bronze_wallstreet
876,white,bronze,acrylicdrips,bronze_maximalism
877,black,gold,acrylicdrips,marble_maximalism
878,white,ceramicwhite,ceramicwhite,acrylicdrips_inflation
879,grey,chromeblack,chromeblack,diamond_wallstreet
880,white,gold,marble,ceramicwhite_inflation
881,white,bronze,ceramicwhite,silver_nasdaq
882,white,chromeblack,bronze,silver_oligarchy
883,grey,silver,acrylicdrips,diamond_inflation
884,grey,bronze,chromeblack,marble_nasdaq
885,grey,chromeblack,chromeblack,acrylicdrips_inflation
886,black,diamond,gold,diamond_wallstreet
887,white,ceramicwhite,gold,diamond_maximalism
888,grey,bronze,acrylicdrips,chromeblack_nasdaq
889,white,marble,ceramicwhite,ceramicwhite_inflation
890,grey,silver,marble,diamond_web2
891,white,marble,bronze,diamond_oligarchy
892,black,gold,chromeblack,chromeblack_inflation
893,white,ceramicwhite,marble,bronze_nasdaq
894,black,marble,bronze,gold_wallstreet
895,black,marble,gold,marble_control
896,grey,gold,acrylicdrips,ceramicwhite_finance
897,grey,ceramicwhite,marble,ceramicwhite_maximalism
898,grey,silver,chromeblack,diamond_inflation
899,white,acrylicdrips,ceramicwhite,acrylicdrips_web2
900,black,chromeblack,silver,acrylicdrips_web2
901,grey,bronze,ceramicwhite,ceramicwhite_nasdaq
902,white,gold,bronze,bronze_inflation
903,grey,bronze,ceramicwhite,diamond_inflation
904,grey,bronze,silver,bronze_maximalism
905,black,diamond,bronze,chromeblack_inflation
906,grey,silver,acrylicdrips,marble_inflation
907,white,acrylicdrips,bronze,diamond_maximalism
908,white,bronze,gold,diamond_web2
909,white,ceramicwhite,chromeblack,marble_oligarchy
910,grey,marble,bronze,silver_inflation
911,grey,ceramicwhite,bronze,chromeblack_inflation
912,white,marble,bronze,chromeblack_maximalism
913,grey,bronze,acrylicdrips,silver_nasdaq
914,white,gold,chromeblack,gold_inflation
915,grey,bronze,diamond,marble_web2
916,white,marble,bronze,bronze_wallstreet
917,grey,ceramicwhite,marble,ceramicwhite_inflation
918,black,acrylicdrips,ceramicwhite,gold_maximalism
919,grey,diamond,bronze,acrylicdrips_inflation
920,black,marble,ceramicwhite,chromeblack_wallstreet
921,black,chromeblack,chromeblack,chromeblack_nasdaq
922,white,silver,marble,silver_control
923,black,ceramicwhite,ceramicwhite,acrylicdrips_maximalism
924,white,bronze,marble,bronze_web2
925,white,marble,diamond,acrylicdrips_wallstreet
926,grey,gold,silver,silver_nasdaq
927,grey,ceramicwhite,marble,ceramicwhite_oligarchy
928,grey,ceramicwhite,acrylicdrips,bronze_finance
929,white,bronze,diamond,gold_inflation
930,black,ceramicwhite,bronze,silver_oligarchy
931,grey,acrylicdrips,gold,diamond_maximalism
932,black,ceramicwhite,silver,diamond_finance
933,white,ceramicwhite,ceramicwhite,bronze_nasdaq
934,white,ceramicwhite,ceramicwhite,marble_maximalism
935,white,ceramicwhite,marble,marble_wallstreet
936,grey,marble,acrylicdrips,ceramicwhite_oligarchy
937,white,bronze,chromeblack,chromeblack_maximalism
938,black,ceramicwhite,ceramicwhite,gold_maximalism
939,grey,chromeblack,marble,bronze_finance
940,white,ceramicwhite,marble,marble_maximalism
941,grey,bronze,silver,gold_oligarchy
942,grey,diamond,gold,gold_nasdaq
943,white,ceramicwhite,diamond,marble_maximalism
944,grey,chromeblack,silver,diamond_oligarchy
945,grey,gold,silver,acrylicdrips_finance
946,grey,marble,chromeblack,bronze_web2
947,white,chromeblack,ceramicwhite,marble_inflation
948,white,diamond,bronze,ceramicwhite_inflation
949,grey,marble,marble,chromeblack_maximalism
950,grey,diamond,bronze,chromeblack_finance
951,white,chromeblack,bronze,silver_maximalism
952,white,ceramicwhite,diamond,marble_maximalism
953,white,chromeblack,bronze,acrylicdrips_finance
954,black,marble,diamond,marble_oligarchy
955,white,silver,gold,chromeblack_maximalism
956,white,chromeblack,marble,acrylicdrips_maximalism
957,white,chromeblack,silver,silver_finance
958,grey,bronze,ceramicwhite,marble_oligarchy
959,grey,gold,marble,ceramicwhite_inflation
960,grey,marble,marble,ceramicwhite_nasdaq
961,black,bronze,chromeblack,marble_finance
962,black,diamond,silver,bronze_oligarchy
963,black,ceramicwhite,marble,chromeblack_oligarchy
964,grey,marble,marble,bronze_inflation
965,grey,marble,diamond,silver_wallstreet
966,white,bronze,bronze,gold_maximalism
967,white,chromeblack,silver,bronze_nasdaq
968,black,bronze,bronze,bronze_maximalism
969,grey,chromeblack,chromeblack,acrylicdrips_finance
970,black,marble,marble,marble_maximalism
971,white,silver,ceramicwhite,ceramicwhite_wallstreet
972,grey,bronze,diamond,chromeblack_oligarchy
973,white,marble,gold,marble_oligarchy
974,black,marble,chromeblack,acrylicdrips_control
975,black,bronze,marble,chromeblack_inflation
976,white,chromeblack,bronze,silver_inflation
977,grey,gold,silver,gold_wallstreet
978,grey,gold,silver,gold_control
979,black,marble,bronze,marble_inflation
980,black,bronze,bronze,silver_maximalism
981,white,gold,diamond,acrylicdrips_inflation
982,black,ceramicwhite,acrylicdrips,chromeblack_inflation
983,grey,bronze,gold,silver_oligarchy
984,black,silver,chromeblack,ceramicwhite_bankingsystem
985,white,diamond,acrylicdrips,ceramicwhite_inflation
986,white,diamond,chromeblack,bronze_oligarchy
987,grey,marble,silver,silver_inflation
988,black,chromeblack,acrylicdrips,diamond_bankingsystem
989,black,bronze,diamond,chromeblack_inflation
990,black,diamond,marble,chromeblack_oligarchy
991,black,acrylicdrips,bronze,chromeblack_oligarchy
992,grey,marble,bronze,silver_maximalism
993,grey,chromeblack,chromeblack,silver_oligarchy
994,white,chromeblack,bronze,silver_wallstreet
995,white,marble,chromeblack,marble_nasdaq
996,black,ceramicwhite,ceramicwhite,gold_maximalism
997,white,ceramicwhite,ceramicwhite,marble_maximalism
998,white,bronze,ceramicwhite,marble_inflation
999,grey,acrylicdrips,silver,marble_oligarchy
1000,black,diamond,silver,diamond_control
1001,black,silver,ceramicwhite,acrylicdrips_maximalism
1002,grey,chromeblack,ceramicwhite,diamond_finance
1003,white,diamond,bronze,marble_maximalism
1004,white,silver,gold,ceramicwhite_oligarchy
1005,grey,diamond,chromeblack,diamond_wallstreet
1006,black,chromeblack,chromeblack,acrylicdrips_web2
1007,grey,diamond,ceramicwhite,silver_web2
1008,white,chromeblack,silver,marble_inflation
1009,black,chromeblack,ceramicwhite,chromeblack_maximalism
1010,black,acrylicdrips,gold,ceramicwhite_wallstreet
1011,white,silver,bronze,chromeblack_maximalism
1012,black,silver,marble,ceramicwhite_finance
1013,black,chromeblack,silver,gold_inflation
1014,black,silver,acrylicdrips,ceramicwhite_oligarchy
1015,white,chromeblack,chromeblack,diamond_inflation
1016,black,diamond,acrylicdrips,ceramicwhite_control
1017,white,ceramicwhite,ceramicwhite,marble_nasdaq
1018,black,silver,diamond,silver_oligarchy
1019,grey,silver,ceramicwhite,ceramicwhite_finance
1020,grey,chromeblack,ceramicwhite,marble_maximalism
1021,grey,diamond,chromeblack,silver_oligarchy
1022,white,acrylicdrips,chromeblack,acrylicdrips_oligarchy
1023,white,ceramicwhite,acrylicdrips,ceramicwhite_bankingsystem
1024,grey,marble,gold,acrylicdrips_finance
1025,black,marble,marble,bronze_maximalism
1026,white,diamond,marble,bronze_wallstreet
1027,black,acrylicdrips,marble,marble_control
1028,grey,chromeblack,silver,ceramicwhite_oligarchy
1029,white,marble,chromeblack,chromeblack_inflation
1030,white,gold,ceramicwhite,ceramicwhite_finance
1031,white,acrylicdrips,marble,acrylicdrips_bankingsystem
1032,white,silver,bronze,chromeblack_web2
1033,grey,ceramicwhite,bronze,silver_maximalism
1034,grey,silver,bronze,marble_maximalism
1035,white,chromeblack,diamond,chromeblack_wallstreet
1036,white,chromeblack,acrylicdrips,bronze_oligarchy
1037,white,acrylicdrips,ceramicwhite,silver_maximalism
1038,grey,ceramicwhite,bronze,diamond_finance
1039,grey,ceramicwhite,chromeblack,gold_nasdaq
1040,black,ceramicwhite,silver,chromeblack_web2
1041,grey,chromeblack,diamond,marble_oligarchy
1042,black,ceramicwhite,marble,silver_inflation
1043,white,gold,bronze,gold_web2
1044,black,chromeblack,chromeblack,silver_nasdaq
1045,white,acrylicdrips,silver,chromeblack_finance
1046,black,bronze,diamond,marble_oligarchy
1047,white,gold,diamond,silver_oligarchy
1048,black,gold,diamond,chromeblack_control
1049,black,acrylicdrips,ceramicwhite,gold_maximalism
1050,grey,chromeblack,acrylicdrips,diamond_maximalism
1051,white,bronze,gold,silver_inflation
1052,grey,chromeblack,bronze,diamond_inflation
1053,white,ceramicwhite,acrylicdrips,diamond_finance
1054,grey,diamond,ceramicwhite,ceramicwhite_oligarchy
1055,grey,marble,bronze,silver_inflation
1056,black,silver,ceramicwhite,marble_finance
1057,black,chromeblack,gold,bronze_inflation
1058,grey,marble,bronze,acrylicdrips_control
1059,black,chromeblack,acrylicdrips,ceramicwhite_oligarchy
1060,grey,chromeblack,bronze,ceramicwhite_nasdaq
1061,grey,ceramicwhite,chromeblack,bronze_oligarchy
1062,black,acrylicdrips,bronze,gold_oligarchy
1063,white,diamond,chromeblack,marble_maximalism
1064,white,silver,ceramicwhite,gold_maximalism
1065,black,chromeblack,silver,diamond_finance
1066,black,silver,chromeblack,acrylicdrips_inflation
1067,white,gold,ceramicwhite,bronze_inflation
1068,grey,ceramicwhite,silver,ceramicwhite_oligarchy
1069,white,gold,acrylicdrips,diamond_bankingsystem
1070,white,chromeblack,ceramicwhite,acrylicdrips_wallstreet
1071,white,bronze,chromeblack,silver_oligarchy
1072,white,ceramicwhite,marble,diamond_inflation
1073,white,bronze,silver,bronze_wallstreet
1074,white,marble,ceramicwhite,acrylicdrips_control
1075,black,bronze,acrylicdrips,ceramicwhite_control
1076,grey,bronze,chromeblack,acrylicdrips_oligarchy
1077,black,gold,diamond,diamond_finance
1078,grey,acrylicdrips,bronze,bronze_inflation
1079,white,silver,silver,marble_wallstreet
1080,black,bronze,acrylicdrips,bronze_nasdaq
1081,white,chromeblack,bronze,diamond_nasdaq
1082,white,chromeblack,chromeblack,acrylicdrips_maximalism
1083,white,ceramicwhite,marble,diamond_wallstreet
1084,white,chromeblack,gold,silver_inflation
1085,grey,bronze,chromeblack,chromeblack_oligarchy
1086,white,diamond,bronze,acrylicdrips_inflation
1087,white,gold,silver,bronze_oligarchy
1088,white,diamond,ceramicwhite,ceramicwhite_web2
1089,grey,silver,diamond,chromeblack_maximalism
1090,grey,chromeblack,chromeblack,ceramicwhite_maximalism
1091,black,ceramicwhite,chromeblack,silver_finance
1092,grey,diamond,silver,diamond_inflation
1093,black,silver,diamond,diamond_oligarchy
1094,grey,diamond,ceramicwhite,marble_oligarchy
1095,white,gold,bronze,bronze_web2
1096,black,chromeblack,gold,bronze_finance
1097,white,marble,bronze,acrylicdrips_maximalism
1098,white,chromeblack,chromeblack,bronze_web2
1099,grey,gold,diamond,silver_nasdaq
1100,white,gold,bronze,acrylicdrips_finance
1101,grey,marble,diamond,ceramicwhite_web2
1102,white,ceramicwhite,bronze,bronze_maximalism
1103,black,silver,gold,gold_inflation
1104,black,chromeblack,gold,silver_inflation
1105,white,bronze,bronze,diamond_finance
1106,white,chromeblack,acrylicdrips,silver_inflation
1107,white,gold,marble,ceramicwhite_inflation
1108,grey,chromeblack,diamond,ceramicwhite_finance
1109,black,gold,gold,marble_inflation
1110,black,silver,ceramicwhite,chromeblack_inflation
1111,black,acrylicdrips,marble,marble_oligarchy
1112,white,silver,ceramicwhite,silver_finance
1113,black,silver,silver,silver_inflation
1114,grey,bronze,marble,acrylicdrips_inflation
1115,black,acrylicdrips,bronze,gold_inflation
1116,black,diamond,ceramicwhite,chromeblack_control
1117,white,marble,bronze,chromeblack_nasdaq
1118,grey,ceramicwhite,ceramicwhite,marble_oligarchy
1119,grey,acrylicdrips,diamond,acrylicdrips_finance
1120,white,gold,bronze,silver_inflation
1121,white,diamond,acrylicdrips,silver_oligarchy
1122,grey,bronze,ceramicwhite,acrylicdrips_maximalism
1123,grey,bronze,ceramicwhite,bronze_wallstreet
1124,grey,marble,ceramicwhite,chromeblack_web2
1125,black,bronze,diamond,acrylicdrips_wallstreet
1126,grey,marble,chromeblack,diamond_nasdaq
1127,white,silver,ceramicwhite,diamond_inflation
1128,white,ceramicwhite,silver,bronze_inflation
1129,white,silver,gold,gold_inflation
1130,black,silver,marble,gold_maximalism
1131,white,chromeblack,diamond,ceramicwhite_wallstreet
1132,grey,diamond,diamond,ceramicwhite_finance
1133,grey,diamond,diamond,marble_inflation
1134,grey,chromeblack,diamond,chromeblack_nasdaq
1135,black,bronze,marble,gold_finance
1136,white,silver,acrylicdrips,diamond_oligarchy
1137,white,marble,marble,silver_finance
1138,black,chromeblack,chromeblack,gold_inflation
1139,grey,silver,gold,bronze_finance
1140,white,chromeblack,bronze,chromeblack_bankingsystem
1141,grey,chromeblack,marble,ceramicwhite_control
1142,grey,marble,chromeblack,ceramicwhite_wallstreet
1143,white,ceramicwhite,acrylicdrips,silver_web2
1144,grey,diamond,ceramicwhite,ceramicwhite_inflation
1145,grey,marble,chromeblack,gold_web2
1146,grey,bronze,chromeblack,gold_finance
1147,white,diamond,chromeblack,silver_finance
1148,grey,diamond,diamond,diamond_wallstreet
1149,grey,ceramicwhite,ceramicwhite,bronze_wallstreet
1150,grey,diamond,ceramicwhite,ceramicwhite_inflation
1151,grey,chromeblack,bronze,gold_maximalism
1152,grey,silver,ceramicwhite,acrylicdrips_nasdaq
1153,black,silver,chromeblack,ceramicwhite_maximalism
1154,grey,acrylicdrips,bronze,ceramicwhite_inflation
1155,grey,chromeblack,ceramicwhite,silver_finance
1156,white,diamond,bronze,diamond_web2
1157,white,ceramicwhite,silver,ceramicwhite_finance
1158,white,bronze,chromeblack,marble_web2
1159,white,silver,silver,chromeblack_maximalism
1160,grey,chromeblack,marble,diamond_control
1161,white,diamond,diamond,diamond_maximalism
1162,grey,ceramicwhite,chromeblack,gold_maximalism
1163,grey,silver,bronze,chromeblack_inflation
1164,white,ceramicwhite,marble,bronze_inflation
1165,black,marble,acrylicdrips,marble_web2
1166,white,silver,silver,ceramicwhite_nasdaq
1167,black,chromeblack,diamond,acrylicdrips_wallstreet
1168,black,acrylicdrips,bronze,silver_web2
1169,white,ceramicwhite,ceramicwhite,gold_wallstreet
1170,black,silver,silver,marble_inflation
1171,white,acrylicdrips,gold,chromeblack_nasdaq
1172,white,ceramicwhite,marble,bronze_inflation
1173,white,bronze,silver,marble_oligarchy
1174,white,bronze,marble,gold_nasdaq
1175,black,diamond,ceramicwhite,marble_inflation
1176,grey,bronze,diamond,bronze_nasdaq
1177,black,acrylicdrips,marble,bronze_maximalism
1178,white,bronze,diamond,ceramicwhite_inflation
1179,grey,chromeblack,gold,ceramicwhite_nasdaq
1180,grey,diamond,ceramicwhite,marble_maximalism
1181,white,silver,chromeblack,gold_finance
1182,black,marble,marble,acrylicdrips_wallstreet
1183,white,marble,marble,ceramicwhite_inflation
1184,black,chromeblack,gold,ceramicwhite_maximalism
1185,grey,chromeblack,acrylicdrips,gold_web2
1186,white,acrylicdrips,ceramicwhite,marble_maximalism
1187,grey,chromeblack,marble,gold_inflation
1188,white,chromeblack,diamond,silver_wallstreet
1189,grey,diamond,gold,chromeblack_maximalism
1190,black,marble,gold,silver_bankingsystem
1191,black,gold,marble,chromeblack_maximalism
1192,black,diamond,gold,chromeblack_oligarchy
1193,black,marble,silver,marble_inflation
1194,grey,chromeblack,chromeblack,bronze_wallstreet
1195,grey,silver,bronze,ceramicwhite_finance
1196,white,marble,ceramicwhite,gold_finance
1197,grey,chromeblack,chromeblack,gold_maximalism
1198,white,ceramicwhite,gold,chromeblack_maximalism
1199,black,acrylicdrips,ceramicwhite,chromeblack_wallstreet
1200,grey,chromeblack,ceramicwhite,silver_wallstreet
1201,grey,ceramicwhite,chromeblack,silver_inflation
1202,white,marble,ceramicwhite,acrylicdrips_nasdaq
1203,grey,marble,bronze,acrylicdrips_inflation
1204,white,silver,chromeblack,acrylicdrips_oligarchy
1205,black,gold,ceramicwhite,silver_inflation
1206,grey,diamond,ceramicwhite,marble_web2
1207,grey,chromeblack,marble,diamond_oligarchy
1208,grey,chromeblack,marble,marble_inflation
1209,grey,ceramicwhite,bronze,silver_maximalism
1210,grey,marble,gold,gold_oligarchy
1211,white,diamond,acrylicdrips,acrylicdrips_nasdaq
1212,grey,chromeblack,bronze,gold_oligarchy
1213,white,gold,marble,ceramicwhite_inflation
1214,white,marble,chromeblack,gold_oligarchy
1215,white,acrylicdrips,chromeblack,gold_inflation
1216,grey,bronze,gold,gold_finance
1217,grey,chromeblack,diamond,chromeblack_maximalism
1218,black,ceramicwhite,ceramicwhite,silver_oligarchy
1219,black,marble,gold,bronze_nasdaq
1220,white,marble,acrylicdrips,diamond_inflation
1221,grey,silver,acrylicdrips,gold_oligarchy
1222,grey,silver,marble,ceramicwhite_inflation
1223,grey,silver,gold,silver_wallstreet
1224,black,ceramicwhite,gold,chromeblack_maximalism
1225,grey,gold,ceramicwhite,silver_wallstreet
1226,grey,chromeblack,acrylicdrips,chromeblack_nasdaq
1227,black,bronze,acrylicdrips,diamond_inflation
1228,black,ceramicwhite,ceramicwhite,chromeblack_control
1229,white,ceramicwhite,diamond,ceramicwhite_inflation
1230,grey,ceramicwhite,silver,ceramicwhite_web2
1231,black,silver,marble,marble_inflation
1232,grey,diamond,acrylicdrips,gold_wallstreet
1233,grey,diamond,marble,diamond_control
1234,black,silver,chromeblack,ceramicwhite_maximalism
1235,black,marble,chromeblack,silver_inflation
1236,black,diamond,diamond,marble_wallstreet
1237,black,silver,silver,bronze_maximalism
1238,white,chromeblack,acrylicdrips,diamond_maximalism
1239,white,silver,diamond,silver_nasdaq
1240,white,ceramicwhite,bronze,silver_inflation
1241,white,diamond,diamond,acrylicdrips_inflation
1242,white,marble,ceramicwhite,acrylicdrips_bankingsystem
1243,white,diamond,gold,gold_finance
1244,grey,acrylicdrips,ceramicwhite,silver_inflation
1245,black,silver,gold,chromeblack_control
1246,grey,diamond,chromeblack,acrylicdrips_maximalism
1247,black,silver,ceramicwhite,gold_web2
1248,black,chromeblack,bronze,ceramicwhite_oligarchy
1249,white,diamond,marble,silver_oligarchy
1250,black,gold,acrylicdrips,chromeblack_maximalism
1251,white,marble,bronze,ceramicwhite_maximalism
1252,white,marble,bronze,ceramicwhite_bankingsystem
1253,grey,diamond,gold,diamond_nasdaq
1254,grey,gold,silver,marble_finance
1255,white,acrylicdrips,chromeblack,bronze_nasdaq
1256,white,ceramicwhite,gold,ceramicwhite_oligarchy
1257,white,bronze,gold,chromeblack_inflation
1258,white,diamond,diamond,marble_control
1259,grey,ceramicwhite,marble,chromeblack_inflation
1260,white,chromeblack,bronze,bronze_wallstreet
1261,grey,marble,bronze,diamond_wallstreet
1262,black,marble,acrylicdrips,silver_inflation
1263,white,chromeblack,bronze,ceramicwhite_nasdaq
1264,grey,gold,acrylicdrips,ceramicwhite_oligarchy
1265,white,gold,marble,diamond_inflation
1266,grey,ceramicwhite,bronze,bronze_nasdaq
1267,grey,bronze,marble,acrylicdrips_inflation
1268,grey,marble,marble,ceramicwhite_bankingsystem
1269,grey,gold,ceramicwhite,ceramicwhite_inflation
1270,grey,chromeblack,bronze,ceramicwhite_maximalism
1271,black,gold,silver,diamond_oligarchy
1272,white,ceramicwhite,ceramicwhite,chromeblack_inflation
1273,black,marble,bronze,marble_inflation
1274,white,marble,silver,chromeblack_finance
1275,black,bronze,marble,silver_wallstreet
1276,grey,chromeblack,silver,ceramicwhite_wallstreet
1277,black,diamond,acrylicdrips,ceramicwhite_maximalism
1278,white,silver,marble,diamond_maximalism
1279,white,chromeblack,acrylicdrips,marble_nasdaq
1280,black,marble,diamond,chromeblack_inflation
1281,white,gold,silver,chromeblack_finance
1282,grey,ceramicwhite,chromeblack,diamond_finance
1283,black,silver,acrylicdrips,chromeblack_inflation
1284,white,bronze,chromeblack,marble_finance
1285,white,acrylicdrips,ceramicwhite,ceramicwhite_web2
1286,grey,ceramicwhite,chromeblack,acrylicdrips_wallstreet
1287,black,gold,bronze,ceramicwhite_oligarchy
1288,white,chromeblack,silver,diamond_oligarchy
1289,white,bronze,acrylicdrips,chromeblack_oligarchy
1290,black,diamond,acrylicdrips,chromeblack_finance
1291,black,silver,acrylicdrips,marble_maximalism
1292,black,silver,silver,bronze_maximalism
1293,white,ceramicwhite,gold,ceramicwhite_inflation
1294,grey,gold,bronze,silver_wallstreet
1295,white,ceramicwhite,acrylicdrips,marble_bankingsystem
1296,white,chromeblack,ceramicwhite,gold_wallstreet
1297,black,ceramicwhite,ceramicwhite,marble_maximalism
1298,grey,diamond,gold,bronze_maximalism
1299,black,bronze,marble,bronze_inflation
1300,grey,acrylicdrips,gold,marble_inflation
1301,grey,chromeblack,marble,chromeblack_oligarchy
1302,white,silver,bronze,silver_finance
1303,grey,marble,diamond,ceramicwhite_finance
1304,white,acrylicdrips,ceramicwhite,ceramicwhite_inflation
1305,grey,marble,marble,ceramicwhite_finance
1306,grey,marble,chromeblack,diamond_oligarchy
1307,grey,chromeblack,diamond,gold_maximalism
1308,white,chromeblack,bronze,chromeblack_maximalism
1309,grey,acrylicdrips,silver,gold_oligarchy
1310,white,ceramicwhite,diamond,chromeblack_maximalism
1311,grey,bronze,gold,marble_nasdaq
1312,white,acrylicdrips,bronze,silver_nasdaq
1313,white,bronze,diamond,chromeblack_web2
1314,grey,diamond,diamond,marble_wallstreet
1315,white,acrylicdrips,silver,marble_oligarchy
1316,white,marble,ceramicwhite,acrylicdrips_inflation
1317,grey,ceramicwhite,diamond,bronze_web2
1318,grey,ceramicwhite,chromeblack,chromeblack_web2
1319,black,chromeblack,marble,bronze_inflation
1320,grey,ceramicwhite,ceramicwhite,chromeblack_wallstreet
1321,grey,acrylicdrips,chromeblack,marble_oligarchy
1322,grey,silver,ceramicwhite,bronze_finance
1323,white,chromeblack,silver,acrylicdrips_maximalism
1324,white,marble,chromeblack,bronze_maximalism
1325,black,ceramicwhite,ceramicwhite,marble_inflation
1326,grey,ceramicwhite,chromeblack,marble_wallstreet
1327,white,chromeblack,marble,gold_maximalism
1328,white,bronze,diamond,chromeblack_finance
1329,white,diamond,silver,acrylicdrips_wallstreet
1330,black,ceramicwhite,chromeblack,chromeblack_wallstreet
1331,black,marble,gold,marble_finance
1332,grey,marble,chromeblack,gold_oligarchy
1333,white,silver,chromeblack,silver_oligarchy
1334,white,acrylicdrips,marble,bronze_web2
1335,white,ceramicwhite,chromeblack,gold_wallstreet
1336,white,silver,chromeblack,gold_web2
1337,grey,chromeblack,bronze,bronze_wallstreet
1338,white,bronze,diamond,ceramicwhite_nasdaq
1339,black,ceramicwhite,diamond,silver_maximalism
1340,grey,acrylicdrips,bronze,marble_inflation
1341,white,marble,chromeblack,bronze_web2
1342,black,silver,diamond,ceramicwhite_inflation
1343,black,chromeblack,diamond,marble_oligarchy
1344,white,diamond,chromeblack,ceramicwhite_finance
1345,black,silver,acrylicdrips,ceramicwhite_inflation
1346,white,acrylicdrips,acrylicdrips,chromeblack_finance
1347,white,bronze,bronze,marble_finance
1348,grey,marble,chromeblack,marble_inflation
1349,black,bronze,ceramicwhite,gold_oligarchy
1350,white,chromeblack,chromeblack,marble_maximalism
1351,grey,ceramicwhite,bronze,silver_web2
1352,grey,marble,marble,ceramicwhite_nasdaq
1353,white,marble,marble,bronze_finance
1354,black,bronze,marble,gold_control
1355,black,marble,marble,marble_inflation
1356,white,bronze,marble,gold_bankingsystem
1357,black,marble,marble,chromeblack_inflation
1358,black,chromeblack,marble,silver_maximalism
1359,black,marble,acrylicdrips,bronze_finance
1360,grey,gold,ceramicwhite,acrylicdrips_nasdaq
1361,grey,ceramicwhite,chromeblack,marble_maximalism
1362,grey,silver,acrylicdrips,ceramicwhite_maximalism
1363,grey,bronze,ceramicwhite,diamond_inflation
1364,white,diamond,chromeblack,ceramicwhite_inflation
1365,grey,silver,acrylicdrips,ceramicwhite_nasdaq
1366,white,gold,chromeblack,ceramicwhite_bankingsystem
1367,grey,silver,bronze,chromeblack_maximalism
1368,black,chromeblack,chromeblack,acrylicdrips_maximalism
1369,grey,acrylicdrips,marble,gold_finance
1370,black,silver,chromeblack,bronze_oligarchy
1371,white,chromeblack,ceramicwhite,chromeblack_inflation
1372,grey,bronze,marble,marble_web2
1373,black,gold,ceramicwhite,chromeblack_bankingsystem
1374,white,ceramicwhite,bronze,marble_finance
1375,black,ceramicwhite,gold,silver_inflation
1376,black,chromeblack,gold,silver_oligarchy
1377,white,bronze,acrylicdrips,gold_inflation
1378,white,marble,marble,bronze_wallstreet
1379,black,marble,ceramicwhite,chromeblack_oligarchy
1380,white,diamond,diamond,gold_maximalism
1381,white,bronze,marble,marble_web2
1382,black,chromeblack,chromeblack,diamond_oligarchy
1383,grey,marble,marble,marble_maximalism
1384,grey,diamond,acrylicdrips,bronze_oligarchy
1385,black,gold,bronze,bronze_wallstreet
1386,white,marble,marble,acrylicdrips_oligarchy
1387,white,chromeblack,diamond,chromeblack_nasdaq
1388,grey,chromeblack,chromeblack,acrylicdrips_web2
1389,white,gold,silver,marble_wallstreet
1390,white,diamond,chromeblack,acrylicdrips_oligarchy
1391,white,acrylicdrips,gold,bronze_finance
1392,grey,silver,bronze,ceramicwhite_nasdaq
1393,grey,acrylicdrips,ceramicwhite,chromeblack_oligarchy
1394,black,silver,ceramicwhite,ceramicwhite_web2
1395,black,diamond,marble,acrylicdrips_wallstreet
1396,white,ceramicwhite,acrylicdrips,diamond_nasdaq
1397,black,chromeblack,diamond,gold_inflation
1398,white,silver,ceramicwhite,marble_maximalism
1399,white,silver,marble,diamond_maximalism
1400,black,gold,marble,ceramicwhite_maximalism
1401,white,chromeblack,acrylicdrips,ceramicwhite_web2
1402,white,chromeblack,acrylicdrips,acrylicdrips_bankingsystem
1403,white,marble,chromeblack,silver_nasdaq
1404,grey,ceramicwhite,bronze,marble_web2
1405,grey,ceramicwhite,silver,chromeblack_wallstreet
1406,white,bronze,silver,bronze_maximalism
1407,white,chromeblack,ceramicwhite,bronze_oligarchy
1408,black,chromeblack,marble,marble_nasdaq
1409,grey,silver,marble,diamond_finance
1410,black,silver,silver,ceramicwhite_oligarchy
1411,grey,ceramicwhite,acrylicdrips,chromeblack_maximalism
1412,grey,chromeblack,diamond,chromeblack_finance
1413,black,chromeblack,chromeblack,bronze_maximalism
1414,grey,marble,chromeblack,marble_maximalism
1415,white,silver,chromeblack,chromeblack_oligarchy
1416,white,marble,silver,chromeblack_inflation
1417,grey,gold,diamond,silver_maximalism
1418,black,silver,ceramicwhite,ceramicwhite_bankingsystem
1419,black,ceramicwhite,gold,marble_inflation
1420,white,acrylicdrips,gold,gold_finance
1421,white,diamond,acrylicdrips,silver_inflation
1422,grey,acrylicdrips,marble,chromeblack_nasdaq
1423,white,bronze,bronze,chromeblack_inflation
1424,black,diamond,ceramicwhite,chromeblack_web2
1425,white,acrylicdrips,diamond,marble_inflation
1426,grey,chromeblack,marble,ceramicwhite_nasdaq
1427,black,diamond,ceramicwhite,bronze_bankingsystem
1428,grey,acrylicdrips,gold,diamond_nasdaq
1429,black,acrylicdrips,acrylicdrips,marble_control
1430,white,silver,marble,acrylicdrips_web2
1431,black,gold,chromeblack,acrylicdrips_inflation
1432,black,acrylicdrips,marble,diamond_wallstreet
1433,black,bronze,chromeblack,diamond_finance
1434,white,chromeblack,silver,gold_inflation
1435,grey,ceramicwhite,acrylicdrips,silver_maximalism
1436,black,marble,silver,chromeblack_oligarchy
1437,white,gold,gold,ceramicwhite_finance
1438,white,silver,silver,bronze_finance
1439,grey,marble,diamond,bronze_inflation
1440,black,bronze,diamond,gold_oligarchy
1441,grey,acrylicdrips,diamond,silver_oligarchy
1442,grey,marble,diamond,chromeblack_finance
1443,white,acrylicdrips,marble,ceramicwhite_maximalism
1444,grey,gold,silver,diamond_nasdaq
1445,black,diamond,ceramicwhite,marble_control
1446,grey,ceramicwhite,silver,silver_oligarchy
1447,black,diamond,silver,bronze_maximalism
1448,black,chromeblack,acrylicdrips,diamond_nasdaq
1449,white,ceramicwhite,diamond,acrylicdrips_finance
1450,grey,bronze,gold,marble_oligarchy
1451,grey,marble,bronze,bronze_inflation
1452,grey,chromeblack,chromeblack,marble_control
1453,white,bronze,bronze,ceramicwhite_oligarchy
1454,grey,chromeblack,ceramicwhite,marble_oligarchy
1455,grey,chromeblack,gold,bronze_inflation
1456,grey,diamond,bronze,bronze_maximalism
1457,white,chromeblack,ceramicwhite,diamond_finance
1458,black,chromeblack,diamond,ceramicwhite_wallstreet
1459,white,silver,chromeblack,ceramicwhite_oligarchy
1460,grey,chromeblack,ceramicwhite,gold_oligarchy
1461,grey,silver,diamond,gold_finance
1462,white,silver,marble,gold_oligarchy
1463,grey,chromeblack,bronze,ceramicwhite_maximalism
1464,grey,ceramicwhite,acrylicdrips,acrylicdrips_web2
1465,white,gold,silver,ceramicwhite_nasdaq
1466,black,bronze,gold,chromeblack_inflation
1467,black,bronze,diamond,ceramicwhite_oligarchy
1468,grey,diamond,silver,diamond_web2
1469,grey,gold,ceramicwhite,marble_inflation
1470,white,marble,acrylicdrips,ceramicwhite_oligarchy
1471,white,silver,silver,gold_oligarchy
1472,black,gold,chromeblack,chromeblack_web2
1473,grey,gold,silver,marble_inflation
1474,black,chromeblack,diamond,ceramicwhite_inflation
1475,grey,silver,marble,acrylicdrips_oligarchy
1476,white,silver,silver,ceramicwhite_inflation
1477,white,ceramicwhite,silver,chromeblack_oligarchy
1478,black,gold,marble,ceramicwhite_finance
1479,grey,marble,diamond,marble_finance
1480,white,diamond,silver,ceramicwhite_maximalism
1481,white,bronze,chromeblack,gold_control
1482,black,bronze,bronze,bronze_nasdaq
1483,black,marble,ceramicwhite,gold_control
1484,black,chromeblack,marble,diamond_web2
1485,grey,gold,marble,marble_finance
1486,black,chromeblack,bronze,diamond_web2
1487,grey,ceramicwhite,acrylicdrips,chromeblack_web2
1488,grey,chromeblack,acrylicdrips,diamond_oligarchy
1489,black,marble,gold,diamond_oligarchy
1490,grey,ceramicwhite,gold,bronze_inflation
1491,white,silver,bronze,ceramicwhite_control
1492,white,marble,chromeblack,ceramicwhite_nasdaq
1493,black,chromeblack,silver,ceramicwhite_finance
1494,white,bronze,silver,marble_maximalism
1495,grey,bronze,chromeblack,ceramicwhite_inflation
1496,white,gold,ceramicwhite,silver_inflation
1497,black,chromeblack,bronze,marble_inflation
1498,white,silver,silver,gold_oligarchy
1499,grey,diamond,marble,acrylicdrips_nasdaq
1500,grey,silver,marble,ceramicwhite_maximalism
1501,white,ceramicwhite,ceramicwhite,gold_oligarchy
1502,white,bronze,chromeblack,chromeblack_maximalism
1503,grey,chromeblack,chromeblack,bronze_maximalism
1504,grey,acrylicdrips,ceramicwhite,silver_inflation
1505,black,bronze,bronze,gold_inflation
1506,black,silver,marble,marble_oligarchy
1507,white,acrylicdrips,ceramicwhite,diamond_oligarchy
1508,grey,gold,chromeblack,silver_control
1509,white,silver,acrylicdrips,silver_maximalism
1510,black,silver,bronze,gold_finance
1511,black,gold,chromeblack,ceramicwhite_inflation
1512,grey,bronze,bronze,chromeblack_wallstreet
1513,black,silver,chromeblack,ceramicwhite_nasdaq
1514,grey,acrylicdrips,diamond,silver_oligarchy
1515,grey,diamond,silver,silver_control
1516,white,silver,diamond,ceramicwhite_oligarchy
1517,grey,acrylicdrips,chromeblack,diamond_finance
1518,white,acrylicdrips,silver,bronze_inflation
1519,black,diamond,ceramicwhite,gold_inflation
1520,grey,marble,chromeblack,bronze_inflation
1521,black,bronze,chromeblack,ceramicwhite_finance
1522,white,bronze,acrylicdrips,gold_bankingsystem
1523,black,marble,ceramicwhite,ceramicwhite_wallstreet
1524,grey,bronze,diamond,silver_nasdaq
1525,white,ceramicwhite,chromeblack,acrylicdrips_maximalism
1526,black,marble,marble,chromeblack_inflation
1527,black,bronze,marble,marble_maximalism
1528,white,marble,bronze,silver_maximalism
1529,white,bronze,bronze,ceramicwhite_oligarchy
1530,grey,chromeblack,acrylicdrips,bronze_control
1531,grey,gold,chromeblack,chromeblack_web2
1532,white,ceramicwhite,gold,gold_oligarchy
1533,white,gold,bronze,diamond_inflation
1534,black,silver,ceramicwhite,marble_maximalism
1535,grey,marble,ceramicwhite,silver_oligarchy
1536,grey,bronze,acrylicdrips,marble_inflation
1537,white,marble,silver,marble_wallstreet
1538,grey,chromeblack,bronze,bronze_oligarchy
1539,white,ceramicwhite,ceramicwhite,silver_wallstreet
1540,grey,silver,ceramicwhite,ceramicwhite_inflation
1541,white,diamond,ceramicwhite,ceramicwhite_wallstreet
1542,white,silver,bronze,marble_finance
1543,black,marble,bronze,ceramicwhite_finance
1544,white,bronze,bronze,gold_oligarchy
1545,black,marble,chromeblack,marble_inflation
1546,grey,gold,diamond,chromeblack_oligarchy
1547,grey,marble,gold,chromeblack_wallstreet
1548,grey,chromeblack,silver,silver_nasdaq
1549,white,silver,diamond,marble_oligarchy
1550,grey,marble,silver,chromeblack_maximalism
1551,grey,ceramicwhite,silver,marble_web2
1552,black,chromeblack,chromeblack,acrylicdrips_finance
1553,white,silver,marble,silver_wallstreet
1554,black,diamond,bronze,marble_maximalism
1555,black,diamond,chromeblack,gold_oligarchy
1556,black,silver,acrylicdrips,ceramicwhite_nasdaq
1557,black,bronze,chromeblack,ceramicwhite_nasdaq
1558,grey,gold,silver,ceramicwhite_inflation
1559,white,bronze,ceramicwhite,bronze_wallstreet
1560,white,chromeblack,chromeblack,bronze_inflation
1561,white,chromeblack,bronze,silver_inflation
1562,white,marble,ceramicwhite,silver_oligarchy
1563,black,silver,ceramicwhite,diamond_oligarchy
1564,grey,ceramicwhite,bronze,chromeblack_maximalism
1565,white,ceramicwhite,diamond,diamond_finance
1566,grey,gold,gold,marble_finance
1567,grey,diamond,silver,diamond_control
1568,white,bronze,marble,chromeblack_oligarchy
1569,white,acrylicdrips,silver,gold_wallstreet
1570,black,acrylicdrips,ceramicwhite,silver_maximalism
1571,black,diamond,chromeblack,silver_wallstreet
1572,grey,marble,acrylicdrips,gold_maximalism
1573,grey,bronze,marble,ceramicwhite_oligarchy
1574,white,bronze,marble,silver_bankingsystem
1575,grey,bronze,silver,ceramicwhite_maximalism
1576,grey,gold,ceramicwhite,diamond_inflation
1577,white,chromeblack,ceramicwhite,acrylicdrips_inflation
1578,grey,gold,diamond,silver_web2
1579,grey,marble,bronze,bronze_wallstreet
1580,white,chromeblack,gold,bronze_oligarchy
1581,white,marble,bronze,bronze_maximalism
1582,white,chromeblack,marble,acrylicdrips_wallstreet
1583,grey,diamond,acrylicdrips,acrylicdrips_oligarchy
1584,grey,ceramicwhite,ceramicwhite,acrylicdrips_inflation
1585,grey,gold,gold,diamond_bankingsystem
1586,white,ceramicwhite,marble,diamond_inflation
1587,black,diamond,ceramicwhite,diamond_inflation
1588,grey,marble,chromeblack,silver_wallstreet
1589,white,acrylicdrips,marble,silver_finance
1590,grey,chromeblack,silver,silver_bankingsystem
1591,white,diamond,gold,gold_oligarchy
1592,white,acrylicdrips,ceramicwhite,diamond_oligarchy
1593,grey,ceramicwhite,ceramicwhite,gold_wallstreet
1594,grey,diamond,chromeblack,diamond_nasdaq
1595,white,diamond,chromeblack,chromeblack_finance
1596,grey,diamond,ceramicwhite,marble_web2
1597,white,marble,marble,ceramicwhite_inflation
1598,black,ceramicwhite,chromeblack,silver_nasdaq
1599,grey,marble,silver,silver_nasdaq
1600,grey,gold,chromeblack,acrylicdrips_inflation
1601,black,ceramicwhite,ceramicwhite,bronze_maximalism
1602,white,ceramicwhite,bronze,marble_finance
1603,white,diamond,silver,gold_oligarchy
1604,white,gold,silver,gold_finance
1605,black,gold,silver,silver_inflation
1606,white,diamond,chromeblack,marble_nasdaq
1607,black,marble,chromeblack,gold_wallstreet
1608,black,ceramicwhite,silver,ceramicwhite_inflation
1609,grey,marble,bronze,marble_web2
1610,white,ceramicwhite,chromeblack,silver_inflation
1611,white,silver,chromeblack,silver_oligarchy
1612,grey,acrylicdrips,acrylicdrips,chromeblack_inflation
1613,white,ceramicwhite,ceramicwhite,chromeblack_nasdaq
1614,grey,marble,gold,gold_oligarchy
1615,black,silver,diamond,chromeblack_maximalism
1616,black,marble,acrylicdrips,chromeblack_nasdaq
1617,grey,ceramicwhite,gold,ceramicwhite_oligarchy
1618,black,bronze,chromeblack,gold_web2
1619,grey,acrylicdrips,chromeblack,chromeblack_oligarchy
1620,black,diamond,ceramicwhite,ceramicwhite_maximalism
1621,grey,ceramicwhite,diamond,silver_wallstreet
1622,white,acrylicdrips,bronze,ceramicwhite_maximalism
1623,white,acrylicdrips,bronze,marble_wallstreet
1624,grey,acrylicdrips,marble,ceramicwhite_oligarchy
1625,white,diamond,silver,diamond_wallstreet
1626,grey,acrylicdrips,silver,gold_oligarchy
1627,grey,acrylicdrips,chromeblack,bronze_control
1628,white,ceramicwhite,chromeblack,silver_oligarchy
1629,grey,ceramicwhite,chromeblack,diamond_inflation
1630,white,ceramicwhite,chromeblack,ceramicwhite_wallstreet
1631,white,ceramicwhite,chromeblack,ceramicwhite_maximalism
1632,grey,silver,diamond,marble_inflation
1633,grey,gold,ceramicwhite,ceramicwhite_web2
1634,grey,gold,ceramicwhite,ceramicwhite_finance
1635,white,chromeblack,marble,diamond_web2
1636,white,gold,marble,silver_maximalism
1637,black,ceramicwhite,silver,silver_inflation
1638,grey,gold,acrylicdrips,marble_wallstreet
1639,white,ceramicwhite,marble,silver_finance
1640,grey,chromeblack,silver,gold_inflation
1641,white,ceramicwhite,silver,acrylicdrips_oligarchy
1642,black,gold,gold,marble_inflation
1643,black,marble,marble,marble_control
1644,white,chromeblack,silver,chromeblack_oligarchy
1645,grey,chromeblack,bronze,bronze_control
1646,grey,ceramicwhite,marble,bronze_oligarchy
1647,black,silver,marble,acrylicdrips_wallstreet
1648,black,bronze,silver,bronze_oligarchy
1649,white,ceramicwhite,diamond,acrylicdrips_control
1650,grey,chromeblack,gold,marble_oligarchy
1651,grey,bronze,chromeblack,ceramicwhite_inflation
1652,white,marble,marble,marble_inflation
1653,grey,ceramicwhite,gold,marble_oligarchy
1654,grey,ceramicwhite,silver,gold_finance
1655,white,chromeblack,silver,gold_bankingsystem
1656,grey,acrylicdrips,marble,ceramicwhite_inflation
1657,black,chromeblack,chromeblack,bronze_bankingsystem
1658,white,marble,marble,diamond_control
1659,black,ceramicwhite,gold,diamond_wallstreet
1660,black,chromeblack,gold,silver_finance
1661,black,chromeblack,silver,diamond_inflation
1662,white,bronze,acrylicdrips,marble_maximalism
1663,white,acrylicdrips,ceramicwhite,acrylicdrips_inflation
1664,white,silver,marble,chromeblack_nasdaq
1665,grey,acrylicdrips,acrylicdrips,silver_oligarchy
1666,black,chromeblack,silver,gold_finance
1667,grey,chromeblack,ceramicwhite,ceramicwhite_inflation
1668,grey,silver,chromeblack,bronze_wallstreet
1669,white,gold,acrylicdrips,marble_bankingsystem
1670,white,marble,marble,chromeblack_inflation
1671,white,marble,gold,bronze_bankingsystem
1672,grey,bronze,ceramicwhite,diamond_web2
1673,black,chromeblack,bronze,marble_inflation
1674,white,marble,gold,diamond_nasdaq
1675,grey,diamond,acrylicdrips,acrylicdrips_oligarchy
1676,grey,acrylicdrips,bronze,ceramicwhite_oligarchy
1677,white,chromeblack,chromeblack,ceramicwhite_inflation
1678,white,chromeblack,ceramicwhite,diamond_inflation
1679,grey,diamond,silver,chromeblack_bankingsystem
1680,white,acrylicdrips,marble,diamond_nasdaq
1681,black,silver,gold,gold_inflation
1682,white,ceramicwhite,ceramicwhite,gold_web2
1683,black,silver,marble,gold_web2
1684,grey,ceramicwhite,silver,acrylicdrips_inflation
1685,white,chromeblack,silver,ceramicwhite_oligarchy
1686,black,silver,ceramicwhite,silver_wallstreet
1687,grey,silver,silver,marble_finance
1688,black,gold,gold,acrylicdrips_wallstreet
1689,white,gold,ceramicwhite,silver_web2
1690,white,ceramicwhite,acrylicdrips,chromeblack_inflation
1691,black,chromeblack,chromeblack,bronze_maximalism
1692,grey,gold,marble,marble_oligarchy
1693,white,silver,ceramicwhite,ceramicwhite_wallstreet
1694,white,marble,chromeblack,chromeblack_wallstreet
1695,black,bronze,bronze,silver_inflation
1696,white,gold,chromeblack,gold_finance
1697,white,silver,diamond,bronze_control
1698,white,bronze,bronze,chromeblack_nasdaq
1699,grey,acrylicdrips,gold,acrylicdrips_control
1700,white,marble,acrylicdrips,diamond_oligarchy
1701,white,marble,diamond,ceramicwhite_maximalism
1702,black,marble,gold,chromeblack_control
1703,white,silver,ceramicwhite,ceramicwhite_nasdaq
1704,white,bronze,diamond,bronze_inflation
1705,white,diamond,bronze,silver_inflation
1706,black,ceramicwhite,ceramicwhite,marble_finance
1707,grey,diamond,acrylicdrips,bronze_inflation
1708,grey,marble,gold,acrylicdrips_inflation
1709,white,ceramicwhite,marble,chromeblack_nasdaq
1710,white,bronze,silver,acrylicdrips_finance
1711,black,silver,gold,marble_maximalism
1712,grey,diamond,diamond,diamond_inflation
1713,white,silver,silver,chromeblack_finance
1714,grey,marble,diamond,ceramicwhite_nasdaq
1715,white,acrylicdrips,marble,chromeblack_control
1716,grey,diamond,ceramicwhite,acrylicdrips_oligarchy
1717,white,bronze,marble,bronze_wallstreet
1718,white,ceramicwhite,acrylicdrips,gold_maximalism
1719,white,gold,bronze,chromeblack_inflation
1720,grey,marble,chromeblack,marble_inflation
1721,white,diamond,gold,diamond_maximalism
1722,black,gold,gold,ceramicwhite_control
1723,white,chromeblack,chromeblack,chromeblack_inflation
1724,grey,chromeblack,gold,marble_web2
1725,white,diamond,gold,chromeblack_nasdaq
1726,grey,gold,chromeblack,chromeblack_web2
1727,grey,diamond,chromeblack,chromeblack_maximalism
1728,grey,gold,silver,silver_maximalism
1729,grey,marble,ceramicwhite,bronze_wallstreet
1730,black,marble,marble,silver_oligarchy
1731,grey,ceramicwhite,gold,silver_maximalism
1732,grey,chromeblack,acrylicdrips,diamond_oligarchy
1733,black,silver,silver,ceramicwhite_nasdaq
1734,white,chromeblack,marble,chromeblack_bankingsystem
1735,white,gold,chromeblack,acrylicdrips_inflation
1736,grey,marble,chromeblack,ceramicwhite_wallstreet
1737,white,chromeblack,diamond,chromeblack_wallstreet
1738,grey,acrylicdrips,marble,bronze_wallstreet
1739,white,ceramicwhite,bronze,bronze_wallstreet
1740,white,bronze,ceramicwhite,silver_oligarchy
1741,black,diamond,diamond,bronze_inflation
1742,black,bronze,marble,marble_oligarchy
1743,black,acrylicdrips,diamond,ceramicwhite_inflation
1744,grey,bronze,ceramicwhite,chromeblack_finance
1745,grey,silver,bronze,bronze_nasdaq
1746,white,ceramicwhite,diamond,bronze_finance
1747,white,ceramicwhite,chromeblack,chromeblack_finance
1748,black,ceramicwhite,marble,silver_finance
1749,white,gold,diamond,marble_control
1750,white,silver,silver,ceramicwhite_maximalism
1751,white,silver,ceramicwhite,bronze_wallstreet
1752,grey,ceramicwhite,acrylicdrips,diamond_bankingsystem
1753,white,chromeblack,bronze,gold_maximalism
1754,white,diamond,gold,gold_oligarchy
1755,black,chromeblack,acrylicdrips,acrylicdrips_web2
1756,white,ceramicwhite,silver,diamond_maximalism
1757,grey,chromeblack,marble,diamond_inflation
1758,grey,chromeblack,gold,acrylicdrips_oligarchy
1759,white,acrylicdrips,diamond,chromeblack_maximalism
1760,grey,marble,silver,silver_web2
1761,grey,marble,chromeblack,diamond_nasdaq
1762,white,chromeblack,silver,ceramicwhite_bankingsystem
1763,white,acrylicdrips,bronze,bronze_maximalism
1764,grey,marble,chromeblack,ceramicwhite_inflation
1765,white,ceramicwhite,diamond,silver_inflation
1766,black,chromeblack,silver,bronze_wallstreet
1767,black,ceramicwhite,ceramicwhite,ceramicwhite_finance
1768,white,silver,ceramicwhite,gold_nasdaq
1769,black,gold,diamond,diamond_wallstreet
1770,black,diamond,ceramicwhite,gold_oligarchy
1771,white,bronze,ceramicwhite,bronze_oligarchy
1772,grey,gold,ceramicwhite,bronze_maximalism
1773,black,gold,acrylicdrips,diamond_oligarchy
1774,white,silver,acrylicdrips,gold_finance
1775,white,acrylicdrips,silver,ceramicwhite_oligarchy
1776,white,chromeblack,bronze,ceramicwhite_oligarchy
1777,white,gold,acrylicdrips,silver_inflation
1778,black,silver,silver,gold_nasdaq
1779,white,chromeblack,diamond,ceramicwhite_nasdaq
1780,grey,marble,bronze,diamond_oligarchy
1781,grey,chromeblack,ceramicwhite,chromeblack_web2
1782,white,ceramicwhite,gold,acrylicdrips_wallstreet
1783,black,marble,diamond,gold_inflation
1784,grey,ceramicwhite,silver,marble_finance
1785,grey,chromeblack,gold,gold_finance
1786,grey,ceramicwhite,diamond,acrylicdrips_web2
1787,grey,ceramicwhite,ceramicwhite,silver_maximalism
1788,black,silver,acrylicdrips,marble_bankingsystem
1789,white,silver,gold,diamond_nasdaq
1790,grey,bronze,marble,acrylicdrips_maximalism
1791,grey,ceramicwhite,silver,chromeblack_oligarchy
1792,black,marble,marble,chromeblack_inflation
1793,white,gold,diamond,silver_nasdaq
1794,black,bronze,marble,diamond_nasdaq
1795,white,gold,marble,ceramicwhite_web2
1796,white,marble,bronze,bronze_oligarchy
1797,black,marble,marble,gold_finance
1798,grey,ceramicwhite,diamond,bronze_maximalism
1799,grey,chromeblack,chromeblack,gold_wallstreet
1800,white,bronze,gold,diamond_nasdaq
1801,black,chromeblack,bronze,marble_oligarchy
1802,black,chromeblack,marble,ceramicwhite_bankingsystem
1803,white,chromeblack,chromeblack,diamond_maximalism
1804,grey,gold,ceramicwhite,ceramicwhite_maximalism
1805,black,marble,chromeblack,diamond_wallstreet
1806,white,ceramicwhite,bronze,silver_nasdaq
1807,black,bronze,silver,silver_maximalism
1808,grey,silver,ceramicwhite,silver_oligarchy
1809,white,ceramicwhite,gold,diamond_inflation
1810,white,chromeblack,diamond,bronze_maximalism
1811,grey,chromeblack,ceramicwhite,silver_maximalism
1812,white,diamond,acrylicdrips,chromeblack_oligarchy
1813,white,silver,silver,acrylicdrips_nasdaq
1814,black,chromeblack,diamond,chromeblack_maximalism
1815,white,marble,diamond,diamond_nasdaq
1816,white,diamond,diamond,ceramicwhite_maximalism
1817,black,acrylicdrips,ceramicwhite,diamond_inflation
1818,grey,marble,marble,chromeblack_wallstreet
1819,grey,silver,diamond,diamond_wallstreet
1820,black,acrylicdrips,ceramicwhite,diamond_inflation
1821,white,chromeblack,bronze,diamond_oligarchy
1822,white,marble,chromeblack,marble_finance
1823,black,marble,bronze,chromeblack_wallstreet
1824,white,diamond,silver,bronze_inflation
1825,white,marble,marble,chromeblack_oligarchy
1826,grey,chromeblack,bronze,chromeblack_finance
1827,black,bronze,diamond,ceramicwhite_nasdaq
1828,white,ceramicwhite,silver,ceramicwhite_nasdaq
1829,black,marble,diamond,chromeblack_bankingsystem
1830,white,marble,marble,chromeblack_finance
1831,black,bronze,ceramicwhite,bronze_inflation
1832,black,ceramicwhite,marble,diamond_oligarchy
1833,white,acrylicdrips,silver,ceramicwhite_web2
1834,black,gold,diamond,marble_wallstreet
1835,grey,ceramicwhite,silver,silver_maximalism
1836,black,marble,chromeblack,chromeblack_finance
1837,grey,gold,gold,chromeblack_maximalism
1838,grey,bronze,silver,silver_web2
1839,white,ceramicwhite,silver,bronze_control
1840,white,gold,ceramicwhite,marble_oligarchy
1841,grey,silver,acrylicdrips,ceramicwhite_maximalism
1842,white,chromeblack,chromeblack,diamond_control
1843,grey,diamond,gold,chromeblack_web2
1844,white,chromeblack,chromeblack,chromeblack_finance
1845,white,chromeblack,marble,bronze_inflation
1846,grey,ceramicwhite,silver,chromeblack_finance
1847,grey,ceramicwhite,bronze,acrylicdrips_oligarchy
1848,grey,gold,diamond,gold_oligarchy
1849,white,marble,bronze,chromeblack_maximalism
1850,white,acrylicdrips,diamond,silver_nasdaq
1851,grey,silver,ceramicwhite,ceramicwhite_wallstreet
1852,white,acrylicdrips,chromeblack,chromeblack_finance
1853,grey,bronze,chromeblack,chromeblack_maximalism
1854,grey,ceramicwhite,gold,bronze_finance
1855,grey,ceramicwhite,marble,acrylicdrips_web2
1856,grey,marble,marble,marble_nasdaq
1857,white,acrylicdrips,bronze,marble_maximalism
1858,grey,chromeblack,ceramicwhite,marble_oligarchy
1859,grey,gold,bronze,chromeblack_oligarchy
1860,black,bronze,marble,silver_bankingsystem
1861,white,chromeblack,bronze,diamond_finance
1862,grey,gold,bronze,chromeblack_oligarchy
1863,black,bronze,bronze,marble_control
1864,white,ceramicwhite,marble,ceramicwhite_nasdaq
1865,white,chromeblack,chromeblack,gold_inflation
1866,grey,diamond,chromeblack,ceramicwhite_oligarchy
1867,black,diamond,chromeblack,marble_inflation
1868,grey,acrylicdrips,chromeblack,marble_oligarchy
1869,white,silver,silver,marble_nasdaq
1870,white,ceramicwhite,chromeblack,bronze_wallstreet
1871,black,marble,ceramicwhite,marble_maximalism
1872,grey,diamond,marble,bronze_wallstreet
1873,grey,gold,marble,ceramicwhite_inflation
1874,white,chromeblack,gold,ceramicwhite_oligarchy
1875,grey,gold,chromeblack,bronze_maximalism
1876,white,marble,ceramicwhite,gold_inflation
1877,black,diamond,gold,gold_oligarchy
1878,grey,marble,silver,silver_web2
1879,white,chromeblack,marble,ceramicwhite_wallstreet
1880,grey,marble,ceramicwhite,diamond_finance
1881,white,bronze,gold,ceramicwhite_inflation
1882,grey,marble,marble,chromeblack_inflation
1883,white,marble,bronze,diamond_wallstreet
1884,grey,diamond,silver,bronze_inflation
1885,white,marble,diamond,diamond_inflation
1886,white,ceramicwhite,silver,silver_nasdaq
1887,white,marble,ceramicwhite,chromeblack_nasdaq
1888,grey,marble,silver,marble_inflation
1889,grey,ceramicwhite,ceramicwhite,chromeblack_nasdaq
1890,grey,ceramicwhite,marble,ceramicwhite_inflation
1891,white,gold,ceramicwhite,ceramicwhite_web2
1892,black,marble,bronze,chromeblack_oligarchy
1893,grey,diamond,acrylicdrips,acrylicdrips_bankingsystem
1894,black,bronze,silver,silver_oligarchy
1895,grey,gold,diamond,gold_bankingsystem
1896,white,ceramicwhite,ceramicwhite,chromeblack_finance
1897,grey,gold,silver,diamond_finance
1898,black,diamond,bronze,ceramicwhite_wallstreet
1899,white,chromeblack,ceramicwhite,silver_bankingsystem
1900,grey,marble,silver,marble_nasdaq
1901,grey,acrylicdrips,marble,bronze_maximalism
1902,white,diamond,marble,acrylicdrips_inflation
1903,grey,acrylicdrips,bronze,marble_wallstreet
1904,white,chromeblack,diamond,ceramicwhite_nasdaq
1905,white,silver,ceramicwhite,bronze_wallstreet
1906,black,bronze,marble,diamond_wallstreet
1907,white,silver,gold,silver_control
1908,grey,marble,chromeblack,marble_maximalism
1909,black,ceramicwhite,marble,diamond_nasdaq
1910,white,chromeblack,ceramicwhite,marble_wallstreet
1911,grey,marble,marble,bronze_maximalism
1912,black,silver,silver,silver_inflation
1913,grey,diamond,ceramicwhite,bronze_wallstreet
1914,white,silver,gold,diamond_web2
1915,grey,chromeblack,marble,silver_web2
1916,black,marble,bronze,bronze_web2
1917,white,marble,ceramicwhite,chromeblack_inflation
1918,white,marble,chromeblack,ceramicwhite_inflation
1919,white,acrylicdrips,diamond,ceramicwhite_inflation
1920,black,silver,acrylicdrips,bronze_inflation
1921,black,ceramicwhite,silver,chromeblack_oligarchy
1922,white,diamond,acrylicdrips,silver_control
1923,black,silver,diamond,silver_inflation
1924,black,marble,chromeblack,silver_web2
1925,black,gold,chromeblack,bronze_nasdaq
1926,black,chromeblack,acrylicdrips,gold_finance
1927,black,marble,gold,silver_wallstreet
1928,white,ceramicwhite,silver,bronze_wallstreet
1929,white,ceramicwhite,ceramicwhite,chromeblack_finance
1930,black,silver,gold,diamond_oligarchy
1931,grey,silver,chromeblack,marble_control
1932,black,diamond,bronze,chromeblack_control
1933,black,diamond,acrylicdrips,diamond_control
1934,white,ceramicwhite,diamond,bronze_maximalism
1935,grey,gold,silver,ceramicwhite_oligarchy
1936,white,marble,diamond,gold_nasdaq
1937,white,diamond,chromeblack,ceramicwhite_wallstreet
1938,grey,chromeblack,ceramicwhite,bronze_oligarchy
1939,grey,diamond,gold,ceramicwhite_inflation
1940,white,ceramicwhite,bronze,bronze_maximalism
1941,white,chromeblack,bronze,marble_oligarchy
1942,black,bronze,bronze,gold_finance
1943,white,silver,bronze,marble_maximalism
1944,grey,chromeblack,acrylicdrips,diamond_bankingsystem
1945,black,chromeblack,ceramicwhite,silver_wallstreet
1946,grey,ceramicwhite,marble,marble_maximalism
1947,white,silver,marble,ceramicwhite_finance
1948,grey,bronze,chromeblack,chromeblack_bankingsystem
1949,grey,marble,chromeblack,ceramicwhite_inflation
1950,white,diamond,bronze,diamond_oligarchy
1951,white,silver,chromeblack,gold_wallstreet
1952,white,diamond,marble,marble_inflation
1953,white,chromeblack,silver,gold_inflation
1954,grey,marble,silver,chromeblack_nasdaq
1955,white,silver,marble,acrylicdrips_maximalism
1956,grey,bronze,diamond,acrylicdrips_maximalism
1957,black,diamond,bronze,gold_maximalism
1958,white,acrylicdrips,silver,bronze_maximalism
1959,white,chromeblack,diamond,acrylicdrips_oligarchy
1960,black,bronze,ceramicwhite,ceramicwhite_bankingsystem
1961,white,ceramicwhite,gold,gold_maximalism
1962,white,bronze,acrylicdrips,gold_finance
1963,grey,acrylicdrips,chromeblack,acrylicdrips_inflation
1964,grey,ceramicwhite,diamond,silver_finance
1965,grey,chromeblack,diamond,diamond_nasdaq
1966,white,diamond,silver,ceramicwhite_inflation
1967,white,silver,acrylicdrips,silver_oligarchy
1968,grey,bronze,marble,acrylicdrips_finance
1969,white,gold,chromeblack,ceramicwhite_inflation
1970,white,diamond,marble,bronze_finance
1971,grey,bronze,diamond,diamond_oligarchy
1972,grey,marble,marble,bronze_maximalism
1973,white,silver,marble,acrylicdrips_maximalism
1974,white,ceramicwhite,marble,silver_inflation
1975,grey,silver,silver,diamond_finance
1976,black,bronze,acrylicdrips,gold_oligarchy
1977,grey,silver,chromeblack,silver_inflation
1978,grey,marble,chromeblack,acrylicdrips_oligarchy
1979,white,silver,silver,silver_oligarchy
1980,grey,ceramicwhite,silver,acrylicdrips_inflation
1981,white,diamond,silver,bronze_web2
1982,black,gold,chromeblack,diamond_control
1983,grey,silver,marble,bronze_finance
1984,white,gold,ceramicwhite,bronze_wallstreet
1985,grey,acrylicdrips,acrylicdrips,chromeblack_bankingsystem
1986,grey,marble,ceramicwhite,silver_maximalism
1987,grey,diamond,acrylicdrips,gold_nasdaq
1988,black,ceramicwhite,silver,silver_inflation
1989,white,bronze,diamond,gold_nasdaq
1990,black,gold,silver,bronze_wallstreet
1991,white,diamond,ceramicwhite,ceramicwhite_web2
1992,grey,chromeblack,chromeblack,chromeblack_oligarchy
1993,grey,marble,silver,marble_inflation
1994,grey,silver,chromeblack,marble_nasdaq
1995,white,silver,chromeblack,ceramicwhite_inflation
1996,grey,gold,silver,marble_inflation
1997,white,diamond,chromeblack,ceramicwhite_finance
1998,white,diamond,chromeblack,marble_wallstreet
1999,black,marble,chromeblack,gold_maximalism
2000,black,bronze,ceramicwhite,marble_inflation
2001,grey,marble,marble,bronze_maximalism
2002,grey,gold,chromeblack,silver_inflation
2003,grey,diamond,ceramicwhite,silver_oligarchy
2004,white,gold,gold,ceramicwhite_nasdaq
2005,white,gold,diamond,marble_oligarchy
2006,black,bronze,silver,silver_inflation
2007,white,ceramicwhite,silver,acrylicdrips_inflation
2008,grey,silver,diamond,silver_inflation
2009,white,diamond,gold,bronze_nasdaq
2010,black,ceramicwhite,diamond,diamond_oligarchy
2011,white,diamond,gold,silver_oligarchy
2012,grey,ceramicwhite,bronze,diamond_inflation
2013,white,marble,silver,bronze_control
2014,grey,gold,gold,ceramicwhite_inflation
2015,white,ceramicwhite,acrylicdrips,marble_oligarchy
